419106,Mumbai,2010-03-12,League,AD Mathews,Dr DY Patil Sports Academy,Deccan Chargers,Kolkata Knight Riders,Deccan Chargers,field,Kolkata Knight Riders,runs,11,162,20,N,NA,RE Koertzen,RB Tiffin
419107,Mumbai,2010-03-13,League,YK Pathan,Brabourne Stadium,Mumbai Indians,Rajasthan Royals,Mumbai Indians,bat,Mumbai Indians,runs,4,213,20,N,NA,RE Koertzen,RB Tiffin
419108,Chandigarh,2010-03-13,League,G Gambhir,"Punjab Cricket Association Stadium, Mohali",Kings XI Punjab,Delhi Daredevils,Delhi Daredevils,field,Delhi Daredevils,wickets,5,143,20,N,NA,BR Doctrove,S Ravi
419109,Kolkata,2010-03-14,League,MK Tiwary,Eden Gardens,Kolkata Knight Riders,Royal Challengers Bangalore,Kolkata Knight Riders,field,Kolkata Knight Riders,wickets,7,136,20,N,NA,HDPK Dharmasena,AM Saheba
419110,Chennai,2010-03-14,League,WPUJC Vaas,"MA Chidambaram Stadium, Chepauk",Chennai Super Kings,Deccan Chargers,Deccan Chargers,bat,Deccan Chargers,runs,31,191,20,N,NA,K Hariharan,DJ Harper
419111,Ahmedabad,2010-03-15,League,V Sehwag,"Sardar Patel Stadium, Motera",Rajasthan Royals,Delhi Daredevils,Delhi Daredevils,field,Delhi Daredevils,wickets,6,142,20,N,NA,BG Jerling,RE Koertzen
419112,Bangalore,2010-03-16,League,JH Kallis,M Chinnaswamy Stadium,Royal Challengers Bangalore,Kings XI Punjab,Kings XI Punjab,bat,Royal Challengers Bangalore,wickets,8,204,20,N,NA,S Das,DJ Harper
419113,Kolkata,2010-03-16,League,MS Dhoni,Eden Gardens,Kolkata Knight Riders,Chennai Super Kings,Chennai Super Kings,bat,Chennai Super Kings,runs,55,165,20,N,NA,HDPK Dharmasena,AM Saheba
419114,Delhi,2010-03-17,League,SR Tendulkar,Feroz Shah Kotla,Delhi Daredevils,Mumbai Indians,Delhi Daredevils,field,Mumbai Indians,runs,98,219,20,N,NA,BR Doctrove,SK Tarapore
419115,Bangalore,2010-03-18,League,JH Kallis,M Chinnaswamy Stadium,Royal Challengers Bangalore,Rajasthan Royals,Royal Challengers Bangalore,field,Royal Challengers Bangalore,wickets,10,93,20,N,NA,K Hariharan,DJ Harper
419116,Delhi,2010-03-19,League,ML Hayden,Feroz Shah Kotla,Delhi Daredevils,Chennai Super Kings,Delhi Daredevils,bat,Chennai Super Kings,wickets,5,186,20,N,NA,BR Doctrove,SK Tarapore
419117,Cuttack,2010-03-19,League,A Symonds,Barabati Stadium,Deccan Chargers,Kings XI Punjab,Kings XI Punjab,field,Deccan Chargers,runs,6,171,20,N,NA,BF Bowden,M Erasmus
419118,Ahmedabad,2010-03-20,League,AA Jhunjhunwala,"Sardar Patel Stadium, Motera",Rajasthan Royals,Kolkata Knight Riders,Rajasthan Royals,bat,Rajasthan Royals,runs,34,169,20,N,NA,RE Koertzen,RB Tiffin
419119,Mumbai,2010-03-20,League,JH Kallis,Brabourne Stadium,Mumbai Indians,Royal Challengers Bangalore,Mumbai Indians,bat,Royal Challengers Bangalore,wickets,7,152,20,N,NA,HDPK Dharmasena,SS Hazare
419120,Cuttack,2010-03-21,League,A Symonds,Barabati Stadium,Deccan Chargers,Delhi Daredevils,Deccan Chargers,bat,Deccan Chargers,runs,10,172,20,N,NA,BF Bowden,M Erasmus
419121,Chennai,2010-03-21,League,J Theron,"MA Chidambaram Stadium, Chepauk",Chennai Super Kings,Kings XI Punjab,Chennai Super Kings,field,Kings XI Punjab,tie,NA,137,20,Y,NA,K Hariharan,DJ Harper
419122,Mumbai,2010-03-22,League,SR Tendulkar,Brabourne Stadium,Mumbai Indians,Kolkata Knight Riders,Kolkata Knight Riders,bat,Mumbai Indians,wickets,7,156,20,N,NA,SS Hazare,SJA Taufel
419123,Bangalore,2010-03-23,League,RV Uthappa,M Chinnaswamy Stadium,Royal Challengers Bangalore,Chennai Super Kings,Chennai Super Kings,field,Royal Challengers Bangalore,runs,36,172,20,N,NA,RE Koertzen,RB Tiffin
419124,Chandigarh,2010-03-24,League,AC Voges,"Punjab Cricket Association Stadium, Mohali",Kings XI Punjab,Rajasthan Royals,Kings XI Punjab,field,Rajasthan Royals,runs,31,184,20,N,NA,BR Doctrove,SK Tarapore
419125,Mumbai,2010-03-25,League,SR Tendulkar,"Brabourne Stadium, Mumbai",Chennai Super Kings,Mumbai Indians,Mumbai Indians,field,Mumbai Indians,wickets,5,181,20,N,NA,AM Saheba,BF Bowden
419128,Bangalore,2010-03-25,League,KM Jadhav,M Chinnaswamy Stadium,Royal Challengers Bangalore,Delhi Daredevils,Royal Challengers Bangalore,field,Delhi Daredevils,runs,17,184,20,N,NA,BG Jerling,RE Koertzen
419126,Ahmedabad,2010-03-26,League,YK Pathan,"Sardar Patel Stadium, Motera",Rajasthan Royals,Deccan Chargers,Deccan Chargers,bat,Rajasthan Royals,wickets,8,149,20,N,NA,HDPK Dharmasena,SJA Taufel
419127,Chandigarh,2010-03-27,League,MK Tiwary,"Punjab Cricket Association Stadium, Mohali",Kings XI Punjab,Kolkata Knight Riders,Kolkata Knight Riders,bat,Kolkata Knight Riders,runs,39,184,20,N,NA,BR Doctrove,S Ravi
419129,Ahmedabad,2010-03-28,League,NV Ojha,"Sardar Patel Stadium, Motera",Rajasthan Royals,Chennai Super Kings,Rajasthan Royals,bat,Rajasthan Royals,runs,17,178,20,N,NA,SS Hazare,SJA Taufel
419130,Mumbai,2010-03-28,League,Harbhajan Singh,Dr DY Patil Sports Academy,Deccan Chargers,Mumbai Indians,Deccan Chargers,field,Mumbai Indians,runs,41,173,20,N,NA,S Das,K Hariharan
419131,Delhi,2010-03-29,League,DA Warner,Feroz Shah Kotla,Delhi Daredevils,Kolkata Knight Riders,Delhi Daredevils,bat,Delhi Daredevils,runs,40,178,20,N,NA,SS Hazare,SJA Taufel
419132,Mumbai,2010-03-30,League,SL Malinga,Brabourne Stadium,Mumbai Indians,Kings XI Punjab,Mumbai Indians,field,Mumbai Indians,wickets,4,164,20,N,NA,BR Doctrove,SK Tarapore
419133,Chennai,2010-03-31,League,M Vijay,"MA Chidambaram Stadium, Chepauk",Chennai Super Kings,Royal Challengers Bangalore,Royal Challengers Bangalore,bat,Chennai Super Kings,wickets,5,162,20,N,NA,BG Jerling,RE Koertzen
419134,Delhi,2010-03-31,League,KD Karthik,Feroz Shah Kotla,Delhi Daredevils,Rajasthan Royals,Delhi Daredevils,bat,Delhi Daredevils,runs,67,189,20,N,NA,HDPK Dharmasena,SJA Taufel
419135,Kolkata,2010-04-01,League,SC Ganguly,Eden Gardens,Kolkata Knight Riders,Deccan Chargers,Kolkata Knight Riders,bat,Kolkata Knight Riders,runs,24,182,20,N,NA,K Hariharan,DJ Harper
419136,Chandigarh,2010-04-02,League,KP Pietersen,"Punjab Cricket Association Stadium, Mohali",Kings XI Punjab,Royal Challengers Bangalore,Kings XI Punjab,bat,Royal Challengers Bangalore,wickets,6,182,20,N,NA,BF Bowden,M Erasmus
419137,Chennai,2010-04-03,League,M Vijay,"MA Chidambaram Stadium, Chepauk",Chennai Super Kings,Rajasthan Royals,Chennai Super Kings,bat,Chennai Super Kings,runs,23,247,20,N,NA,RE Koertzen,RB Tiffin
419138,Mumbai,2010-04-03,League,AT Rayudu,Brabourne Stadium,Mumbai Indians,Deccan Chargers,Mumbai Indians,bat,Mumbai Indians,runs,63,179,20,N,NA,BR Doctrove,S Ravi
419139,Kolkata,2010-04-04,League,DPMD Jayawardene,Eden Gardens,Kolkata Knight Riders,Kings XI Punjab,Kolkata Knight Riders,bat,Kings XI Punjab,wickets,8,201,20,N,NA,S Asnani,DJ Harper
419140,Delhi,2010-04-04,League,PD Collingwood,Feroz Shah Kotla,Delhi Daredevils,Royal Challengers Bangalore,Delhi Daredevils,bat,Delhi Daredevils,runs,37,185,20,N,NA,BF Bowden,M Erasmus
419141,Nagpur,2010-04-05,League,SK Warne,"Vidarbha Cricket Association Stadium, Jamtha",Deccan Chargers,Rajasthan Royals,Rajasthan Royals,bat,Rajasthan Royals,runs,2,160,20,N,NA,HDPK Dharmasena,SJA Taufel
419142,Chennai,2010-04-06,League,SK Raina,"MA Chidambaram Stadium, Chepauk",Chennai Super Kings,Mumbai Indians,Chennai Super Kings,bat,Chennai Super Kings,runs,24,166,20,N,NA,S Asnani,DJ Harper
419143,Jaipur,2010-04-07,League,MJ Lumb,Sawai Mansingh Stadium,Rajasthan Royals,Kings XI Punjab,Kings XI Punjab,bat,Rajasthan Royals,wickets,9,154,20,N,NA,S Ravi,SK Tarapore
419144,Kolkata,2010-04-07,League,SC Ganguly,Eden Gardens,Kolkata Knight Riders,Delhi Daredevils,Kolkata Knight Riders,bat,Kolkata Knight Riders,runs,14,182,20,N,NA,BG Jerling,RE Koertzen
419145,Bangalore,2010-04-08,League,TL Suman,M Chinnaswamy Stadium,Royal Challengers Bangalore,Deccan Chargers,Deccan Chargers,field,Deccan Chargers,wickets,7,185,20,N,NA,S Asnani,DJ Harper
419146,Chandigarh,2010-04-09,League,KC Sangakkara,"Punjab Cricket Association Stadium, Mohali",Kings XI Punjab,Mumbai Indians,Mumbai Indians,bat,Kings XI Punjab,wickets,6,155,20,N,NA,M Erasmus,AM Saheba
419147,Nagpur,2010-04-10,League,RJ Harris,"Vidarbha Cricket Association Stadium, Jamtha",Deccan Chargers,Chennai Super Kings,Chennai Super Kings,bat,Deccan Chargers,wickets,6,139,20,N,NA,HDPK Dharmasena,SJA Taufel
419148,Bangalore,2010-04-10,League,R Vinay Kumar,M Chinnaswamy Stadium,Royal Challengers Bangalore,Kolkata Knight Riders,Royal Challengers Bangalore,field,Royal Challengers Bangalore,wickets,7,161,20,N,NA,K Hariharan,DJ Harper
419149,Delhi,2010-04-11,League,PP Chawla,Feroz Shah Kotla,Delhi Daredevils,Kings XI Punjab,Delhi Daredevils,bat,Kings XI Punjab,wickets,7,112,20,N,NA,BF Bowden,AM Saheba
419150,Jaipur,2010-04-11,League,SR Tendulkar,Sawai Mansingh Stadium,Rajasthan Royals,Mumbai Indians,Rajasthan Royals,field,Mumbai Indians,runs,37,175,20,N,NA,BR Doctrove,SK Tarapore
419151,Nagpur,2010-04-12,League,Harmeet Singh,"Vidarbha Cricket Association Stadium, Jamtha",Deccan Chargers,Royal Challengers Bangalore,Royal Challengers Bangalore,field,Deccan Chargers,runs,13,152,20,N,NA,RE Koertzen,RB Tiffin
419152,Mumbai,2010-04-13,League,KA Pollard,Brabourne Stadium,Mumbai Indians,Delhi Daredevils,Mumbai Indians,bat,Mumbai Indians,runs,39,184,20,N,NA,S Asnani,DJ Harper
419153,Chennai,2010-04-13,League,R Ashwin,"MA Chidambaram Stadium, Chepauk",Chennai Super Kings,Kolkata Knight Riders,Kolkata Knight Riders,bat,Chennai Super Kings,wickets,9,140,20,N,NA,SS Hazare,SJA Taufel
419154,Jaipur,2010-04-14,League,KP Pietersen,Sawai Mansingh Stadium,Rajasthan Royals,Royal Challengers Bangalore,Rajasthan Royals,bat,Royal Challengers Bangalore,wickets,5,131,20,N,NA,BR Doctrove,S Ravi
419155,Chennai,2010-04-15,League,G Gambhir,"MA Chidambaram Stadium, Chepauk",Chennai Super Kings,Delhi Daredevils,Chennai Super Kings,bat,Delhi Daredevils,wickets,6,113,20,N,NA,HDPK Dharmasena,SS Hazare
419156,Dharamsala,2010-04-16,League,RG Sharma,Himachal Pradesh Cricket Association Stadium,Kings XI Punjab,Deccan Chargers,Deccan Chargers,field,Deccan Chargers,wickets,5,175,20,N,NA,M Erasmus,AM Saheba
419157,Bangalore,2010-04-17,League,R McLaren,M Chinnaswamy Stadium,Royal Challengers Bangalore,Mumbai Indians,Royal Challengers Bangalore,field,Mumbai Indians,runs,57,192,20,N,NA,HDPK Dharmasena,SJA Taufel
419158,Kolkata,2010-04-17,League,JD Unadkat,Eden Gardens,Kolkata Knight Riders,Rajasthan Royals,Rajasthan Royals,bat,Kolkata Knight Riders,wickets,8,133,20,N,NA,BG Jerling,RB Tiffin
419159,Dharamsala,2010-04-18,League,MS Dhoni,Himachal Pradesh Cricket Association Stadium,Kings XI Punjab,Chennai Super Kings,Chennai Super Kings,field,Chennai Super Kings,wickets,6,193,20,N,NA,BF Bowden,AM Saheba
419160,Delhi,2010-04-18,League,A Symonds,Feroz Shah Kotla,Delhi Daredevils,Deccan Chargers,Deccan Chargers,bat,Deccan Chargers,runs,11,146,20,N,NA,BR Doctrove,SK Tarapore
419161,Kolkata,2010-04-19,League,M Kartik,Eden Gardens,Kolkata Knight Riders,Mumbai Indians,Mumbai Indians,bat,Kolkata Knight Riders,wickets,9,134,20,N,NA,BG Jerling,RE Koertzen
419162,Mumbai,2010-04-21,Semi Final,KA Pollard,Dr DY Patil Sports Academy,Royal Challengers Bangalore,Mumbai Indians,Mumbai Indians,bat,Mumbai Indians,runs,35,185,20,N,NA,BR Doctrove,RB Tiffin
419163,Mumbai,2010-04-22,Semi Final,DE Bollinger,Dr DY Patil Sports Academy,Chennai Super Kings,Deccan Chargers,Chennai Super Kings,bat,Chennai Super Kings,runs,38,143,20,N,NA,BR Doctrove,RB Tiffin
419164,Mumbai,2010-04-24,3rd Place Play-Off,A Kumble,Dr DY Patil Sports Academy,Royal Challengers Bangalore,Deccan Chargers,Deccan Chargers,bat,Royal Challengers Bangalore,wickets,9,83,20,N,NA,RE Koertzen,SJA Taufel
419165,Mumbai,2010-04-25,Final,SK Raina,Dr DY Patil Sports Academy,Chennai Super Kings,Mumbai Indians,Chennai Super Kings,bat,Chennai Super Kings,runs,22,169,20,N,NA,RE Koertzen,SJA Taufel
