1304047,Mumbai,2022-03-26,League,UT Yadav,"Wankhede Stadium, Mumbai",Chennai Super Kings,Kolkata Knight Riders,Kolkata Knight Riders,field,Kolkata Knight Riders,wickets,6,132,20,N,NA,AK Chaudhary,Nitin Menon
1304048,Mumbai,2022-03-27,League,Kuldeep Yadav,"Brabourne Stadium, Mumbai",Mumbai Indians,Delhi Capitals,Delhi Capitals,field,Delhi Capitals,wickets,4,178,20,N,NA,RJ Tucker,HAS Khalid
1304049,Mumbai,2022-03-27,League,OF Smith,"Dr DY Patil Sports Academy, Mumbai",Royal Challengers Bangalore,Punjab Kings,Punjab Kings,field,Punjab Kings,wickets,5,206,20,N,NA,Nitin Menon,YC Barde
1304050,Mumbai,2022-03-28,League,Mohammed Shami,"Wankhede Stadium, Mumbai",Lucknow Super Giants,Gujarat Titans,Gujarat Titans,field,Gujarat Titans,wickets,5,159,20,N,NA,PG Pathak,VK Sharma
1304051,Pune,2022-03-29,League,SV Samson,"Maharashtra Cricket Association Stadium, Pune",Rajasthan Royals,Sunrisers Hyderabad,Sunrisers Hyderabad,field,Rajasthan Royals,runs,61,211,20,N,NA,BNJ Oxenford,UV Gandhe
1304052,Mumbai,2022-03-30,League,PWH de Silva,"Dr DY Patil Sports Academy, Mumbai",Kolkata Knight Riders,Royal Challengers Bangalore,Royal Challengers Bangalore,field,Royal Challengers Bangalore,wickets,3,129,20,N,NA,J Madanagopal,Navdeep Singh
1304053,Mumbai,2022-03-31,League,E Lewis,"Brabourne Stadium, Mumbai",Chennai Super Kings,Lucknow Super Giants,Lucknow Super Giants,field,Lucknow Super Giants,wickets,6,211,20,N,NA,RJ Tucker,VK Sharma
1304054,Mumbai,2022-04-01,League,UT Yadav,"Wankhede Stadium, Mumbai",Punjab Kings,Kolkata Knight Riders,Kolkata Knight Riders,field,Kolkata Knight Riders,wickets,6,138,20,N,NA,AK Chaudhary,HAS Khalid
1304055,Mumbai,2022-04-02,League,JC Buttler,"Dr DY Patil Sports Academy, Mumbai",Rajasthan Royals,Mumbai Indians,Mumbai Indians,field,Rajasthan Royals,runs,23,194,20,N,NA,Nitin Menon,PG Pathak
1304056,Pune,2022-04-02,League,LH Ferguson,"Maharashtra Cricket Association Stadium, Pune",Gujarat Titans,Delhi Capitals,Delhi Capitals,field,Gujarat Titans,runs,14,172,20,N,NA,KN Ananthapadmanabhan,UV Gandhe
1304057,Mumbai,2022-04-03,League,LS Livingstone,"Brabourne Stadium, Mumbai",Punjab Kings,Chennai Super Kings,Chennai Super Kings,field,Punjab Kings,runs,54,181,20,N,NA,RJ Tucker,YC Barde
1304058,Mumbai,2022-04-04,League,Avesh Khan,"Dr DY Patil Sports Academy, Mumbai",Lucknow Super Giants,Sunrisers Hyderabad,Sunrisers Hyderabad,field,Lucknow Super Giants,runs,12,170,20,N,NA,J Madanagopal,Navdeep Singh
1304059,Mumbai,2022-04-05,League,KD Karthik,"Wankhede Stadium, Mumbai",Rajasthan Royals,Royal Challengers Bangalore,Royal Challengers Bangalore,field,Royal Challengers Bangalore,wickets,4,170,20,N,NA,AK Chaudhary,HAS Khalid
1304060,Pune,2022-04-06,League,PJ Cummins,"Maharashtra Cricket Association Stadium, Pune",Mumbai Indians,Kolkata Knight Riders,Kolkata Knight Riders,field,Kolkata Knight Riders,wickets,5,162,20,N,NA,BNJ Oxenford,KN Ananthapadmanabhan
1304061,Mumbai,2022-04-07,League,Q de Kock,"Dr DY Patil Sports Academy, Mumbai",Delhi Capitals,Lucknow Super Giants,Lucknow Super Giants,field,Lucknow Super Giants,wickets,6,150,20,N,NA,RJ Tucker,Tapan Sharma
1304062,Mumbai,2022-04-08,League,Shubman Gill,"Brabourne Stadium, Mumbai",Punjab Kings,Gujarat Titans,Gujarat Titans,field,Gujarat Titans,wickets,6,190,20,N,NA,AK Chaudhary,VK Sharma
1304063,Mumbai,2022-04-09,League,Abhishek Sharma,"Dr DY Patil Sports Academy, Mumbai",Chennai Super Kings,Sunrisers Hyderabad,Sunrisers Hyderabad,field,Sunrisers Hyderabad,wickets,8,155,20,N,NA,Navdeep Singh,Nitin Menon
1304064,Pune,2022-04-09,League,Anuj Rawat,"Maharashtra Cricket Association Stadium, Pune",Mumbai Indians,Royal Challengers Bangalore,Royal Challengers Bangalore,field,Royal Challengers Bangalore,wickets,7,152,20,N,NA,BNJ Oxenford,KN Ananthapadmanabhan
1304065,Mumbai,2022-04-10,League,Kuldeep Yadav,"Brabourne Stadium, Mumbai",Delhi Capitals,Kolkata Knight Riders,Kolkata Knight Riders,field,Delhi Capitals,runs,44,216,20,N,NA,CB Gaffaney,J Madanagopal
1304066,Mumbai,2022-04-10,League,YS Chahal,"Wankhede Stadium, Mumbai",Rajasthan Royals,Lucknow Super Giants,Lucknow Super Giants,field,Rajasthan Royals,runs,3,166,20,N,NA,AK Chaudhary,Tapan Sharma
1304067,Mumbai,2022-04-11,League,KS Williamson,"Dr DY Patil Sports Academy, Mumbai",Gujarat Titans,Sunrisers Hyderabad,Sunrisers Hyderabad,field,Sunrisers Hyderabad,wickets,8,163,20,N,NA,Chirra Ravikanthreddy,RJ Tucker
1304068,Mumbai,2022-04-12,League,S Dube,"Dr DY Patil Sports Academy, Mumbai",Chennai Super Kings,Royal Challengers Bangalore,Royal Challengers Bangalore,field,Chennai Super Kings,runs,23,217,20,N,NA,Nitin Menon,N Pandit
1304069,Pune,2022-04-13,League,MA Agarwal,"Maharashtra Cricket Association Stadium, Pune",Punjab Kings,Mumbai Indians,Mumbai Indians,field,Punjab Kings,runs,12,199,20,N,NA,BNJ Oxenford,UV Gandhe
1304070,Mumbai,2022-04-14,League,HH Pandya,"Dr DY Patil Sports Academy, Mumbai",Gujarat Titans,Rajasthan Royals,Rajasthan Royals,field,Gujarat Titans,runs,37,193,20,N,NA,CB Gaffaney,R Pandit
1304071,Mumbai,2022-04-15,League,RA Tripathi,"Brabourne Stadium, Mumbai",Kolkata Knight Riders,Sunrisers Hyderabad,Sunrisers Hyderabad,field,Sunrisers Hyderabad,wickets,7,176,20,N,NA,GR Sadashiv Iyer,VK Sharma
1304072,Mumbai,2022-04-16,League,KL Rahul,"Brabourne Stadium, Mumbai",Lucknow Super Giants,Mumbai Indians,Mumbai Indians,field,Lucknow Super Giants,runs,18,200,20,N,NA,AK Chaudhary,NA Patwardhan
1304073,Mumbai,2022-04-16,League,KD Karthik,"Wankhede Stadium, Mumbai",Royal Challengers Bangalore,Delhi Capitals,Delhi Capitals,field,Royal Challengers Bangalore,runs,16,190,20,N,NA,Chirra Ravikanthreddy,J Madanagopal
1304074,Mumbai,2022-04-17,League,Umran Malik,"Dr DY Patil Sports Academy, Mumbai",Punjab Kings,Sunrisers Hyderabad,Sunrisers Hyderabad,field,Sunrisers Hyderabad,wickets,7,152,20,N,NA,PG Pathak,R Pandit
1304075,Pune,2022-04-17,League,DA Miller,"Maharashtra Cricket Association Stadium, Pune",Chennai Super Kings,Gujarat Titans,Gujarat Titans,field,Gujarat Titans,wickets,3,170,20,N,NA,KN Ananthapadmanabhan,UV Gandhe
1304076,Mumbai,2022-04-18,League,YS Chahal,"Brabourne Stadium, Mumbai",Rajasthan Royals,Kolkata Knight Riders,Kolkata Knight Riders,field,Rajasthan Royals,runs,7,218,20,N,NA,GR Sadashiv Iyer,VK Sharma
1304077,Mumbai,2022-04-19,League,F du Plessis,"Dr DY Patil Sports Academy, Mumbai",Royal Challengers Bangalore,Lucknow Super Giants,Lucknow Super Giants,field,Royal Challengers Bangalore,runs,18,182,20,N,NA,CB Gaffaney,N Pandit
1304078,Mumbai,2022-04-20,League,Kuldeep Yadav,"Brabourne Stadium, Mumbai",Punjab Kings,Delhi Capitals,Delhi Capitals,field,Delhi Capitals,wickets,9,116,20,N,NA,RJ Tucker,Tapan Sharma
1304079,Navi Mumbai,2022-04-21,League,Mukesh Choudhary,"Dr DY Patil Sports Academy, Mumbai",Mumbai Indians,Chennai Super Kings,Chennai Super Kings,field,Chennai Super Kings,wickets,3,156,20,N,NA,BNJ Oxenford,UV Gandhe
1304080,Mumbai,2022-04-22,League,JC Buttler,"Wankhede Stadium, Mumbai",Rajasthan Royals,Delhi Capitals,Delhi Capitals,field,Rajasthan Royals,runs,15,223,20,N,NA,NA Patwardhan,Nitin Menon
1304081,Navi Mumbai,2022-04-23,League,Rashid Khan,"Dr DY Patil Sports Academy, Mumbai",Gujarat Titans,Kolkata Knight Riders,Gujarat Titans,bat,Gujarat Titans,runs,8,157,20,N,NA,KN Ananthapadmanabhan,UV Gandhe
1304082,Mumbai,2022-04-23,League,M Jansen,"Brabourne Stadium, Mumbai",Royal Challengers Bangalore,Sunrisers Hyderabad,Sunrisers Hyderabad,field,Sunrisers Hyderabad,wickets,9,69,20,N,NA,Chirra Ravikanthreddy,J Madanagopal
1304083,Mumbai,2022-04-24,League,KL Rahul,"Wankhede Stadium, Mumbai",Lucknow Super Giants,Mumbai Indians,Mumbai Indians,field,Lucknow Super Giants,runs,36,169,20,N,NA,M Erasmus,HAS Khalid
1304084,Mumbai,2022-04-25,League,S Dhawan,"Wankhede Stadium, Mumbai",Punjab Kings,Chennai Super Kings,Chennai Super Kings,field,Punjab Kings,runs,11,188,20,N,NA,M Erasmus,Tapan Sharma
1304085,Pune,2022-04-26,League,R Parag,"Maharashtra Cricket Association Stadium, Pune",Rajasthan Royals,Royal Challengers Bangalore,Royal Challengers Bangalore,field,Rajasthan Royals,runs,29,145,20,N,NA,BNJ Oxenford,KN Ananthapadmanabhan
1304086,Mumbai,2022-04-27,League,Umran Malik,"Wankhede Stadium, Mumbai",Sunrisers Hyderabad,Gujarat Titans,Gujarat Titans,field,Gujarat Titans,wickets,5,196,20,N,NA,CB Gaffaney,Navdeep Singh
1304087,Mumbai,2022-04-28,League,Kuldeep Yadav,"Wankhede Stadium, Mumbai",Kolkata Knight Riders,Delhi Capitals,Delhi Capitals,field,Delhi Capitals,wickets,4,147,20,N,NA,AK Chaudhary,PG Pathak
1304088,Pune,2022-04-29,League,KH Pandya,"Maharashtra Cricket Association Stadium, Pune",Lucknow Super Giants,Punjab Kings,Punjab Kings,field,Lucknow Super Giants,runs,20,154,20,N,NA,MA Gough,UV Gandhe
1304089,Mumbai,2022-04-30,League,R Tewatia,"Brabourne Stadium, Mumbai",Royal Challengers Bangalore,Gujarat Titans,Royal Challengers Bangalore,bat,Gujarat Titans,wickets,6,171,20,N,NA,HAS Khalid,VK Sharma
1304090,Navi Mumbai,2022-04-30,League,SA Yadav,"Dr DY Patil Sports Academy, Mumbai",Rajasthan Royals,Mumbai Indians,Mumbai Indians,field,Mumbai Indians,wickets,5,159,20,N,NA,BNJ Oxenford,YC Barde
1304091,Mumbai,2022-05-01,League,Mohsin Khan,"Wankhede Stadium, Mumbai",Lucknow Super Giants,Delhi Capitals,Lucknow Super Giants,bat,Lucknow Super Giants,runs,6,196,20,N,NA,Chirra Ravikanthreddy,CB Gaffaney
1304092,Pune,2022-05-01,League,RD Gaikwad,"Maharashtra Cricket Association Stadium, Pune",Chennai Super Kings,Sunrisers Hyderabad,Sunrisers Hyderabad,field,Chennai Super Kings,runs,13,203,20,N,NA,AK Chaudhary,KN Ananthapadmanabhan
1304093,Mumbai,2022-05-02,League,RK Singh,"Wankhede Stadium, Mumbai",Rajasthan Royals,Kolkata Knight Riders,Kolkata Knight Riders,field,Kolkata Knight Riders,wickets,7,153,20,N,NA,J Madanagopal,N Pandit
1304094,Navi Mumbai,2022-05-03,League,K Rabada,"Dr DY Patil Sports Academy, Mumbai",Gujarat Titans,Punjab Kings,Gujarat Titans,bat,Punjab Kings,wickets,8,144,20,N,NA,R Pandit,VK Sharma
1304095,Pune,2022-05-04,League,HV Patel,"Maharashtra Cricket Association Stadium, Pune",Royal Challengers Bangalore,Chennai Super Kings,Chennai Super Kings,field,Royal Challengers Bangalore,runs,13,174,20,N,NA,KN Ananthapadmanabhan,MA Gough
1304096,Mumbai,2022-05-05,League,DA Warner,"Brabourne Stadium, Mumbai",Delhi Capitals,Sunrisers Hyderabad,Sunrisers Hyderabad,field,Delhi Capitals,runs,21,208,20,N,NA,Navdeep Singh,NA Patwardhan
1304097,Mumbai,2022-05-06,League,TH David,"Brabourne Stadium, Mumbai",Mumbai Indians,Gujarat Titans,Gujarat Titans,field,Mumbai Indians,runs,5,178,20,N,NA,J Madanagopal,GR Sadashiv Iyer
1304098,Mumbai,2022-05-07,League,YBK Jaiswal,"Wankhede Stadium, Mumbai",Punjab Kings,Rajasthan Royals,Punjab Kings,bat,Rajasthan Royals,wickets,6,190,20,N,NA,Chirra Ravikanthreddy,YC Barde
1304099,Pune,2022-05-07,League,Avesh Khan,"Maharashtra Cricket Association Stadium, Pune",Lucknow Super Giants,Kolkata Knight Riders,Kolkata Knight Riders,field,Lucknow Super Giants,runs,75,177,20,N,NA,AK Chaudhary,MA Gough
1304100,Mumbai,2022-05-08,League,PWH de Silva,"Wankhede Stadium, Mumbai",Royal Challengers Bangalore,Sunrisers Hyderabad,Royal Challengers Bangalore,bat,Royal Challengers Bangalore,runs,67,193,20,N,NA,BNJ Oxenford,N Pandit
1304101,Navi Mumbai,2022-05-08,League,DP Conway,"Dr DY Patil Sports Academy, Mumbai",Chennai Super Kings,Delhi Capitals,Delhi Capitals,field,Chennai Super Kings,runs,91,209,20,N,NA,Nitin Menon,R Pandit
1304102,Navi Mumbai,2022-05-09,League,JJ Bumrah,"Dr DY Patil Sports Academy, Mumbai",Kolkata Knight Riders,Mumbai Indians,Mumbai Indians,field,Kolkata Knight Riders,runs,52,166,20,N,NA,CB Gaffaney,GR Sadashiv Iyer
1304103,Pune,2022-05-10,League,Shubman Gill,"Maharashtra Cricket Association Stadium, Pune",Gujarat Titans,Lucknow Super Giants,Gujarat Titans,bat,Gujarat Titans,runs,62,145,20,N,NA,KN Ananthapadmanabhan,MA Gough
1304104,Navi Mumbai,2022-05-11,League,MR Marsh,"Dr DY Patil Sports Academy, Mumbai",Rajasthan Royals,Delhi Capitals,Delhi Capitals,field,Delhi Capitals,wickets,8,161,20,N,NA,NA Patwardhan,Nitin Menon
1304105,Mumbai,2022-05-12,League,DR Sams,"Wankhede Stadium, Mumbai",Chennai Super Kings,Mumbai Indians,Mumbai Indians,field,Mumbai Indians,wickets,5,98,20,N,NA,Chirra Ravikanthreddy,CB Gaffaney
1304106,Mumbai,2022-05-13,League,JM Bairstow,"Brabourne Stadium, Mumbai",Punjab Kings,Royal Challengers Bangalore,Royal Challengers Bangalore,field,Punjab Kings,runs,54,210,20,N,NA,J Madanagopal,N Pandit
1304107,Pune,2022-05-14,League,AD Russell,"Maharashtra Cricket Association Stadium, Pune",Kolkata Knight Riders,Sunrisers Hyderabad,Kolkata Knight Riders,bat,Kolkata Knight Riders,runs,54,178,20,N,NA,AK Chaudhary,KN Ananthapadmanabhan
1304108,Mumbai,2022-05-15,League,WP Saha,"Wankhede Stadium, Mumbai",Chennai Super Kings,Gujarat Titans,Chennai Super Kings,bat,Gujarat Titans,wickets,7,134,20,N,NA,R Pandit,VK Sharma
1304109,Mumbai,2022-05-15,League,TA Boult,"Brabourne Stadium, Mumbai",Rajasthan Royals,Lucknow Super Giants,Rajasthan Royals,bat,Rajasthan Royals,runs,24,179,20,N,NA,PG Pathak,Tapan Sharma
1304110,Navi Mumbai,2022-05-16,League,SN Thakur,"Dr DY Patil Sports Academy, Mumbai",Delhi Capitals,Punjab Kings,Punjab Kings,field,Delhi Capitals,runs,17,160,20,N,NA,GR Sadashiv Iyer,Nitin Menon
1304111,Mumbai,2022-05-17,League,RA Tripathi,"Wankhede Stadium, Mumbai",Sunrisers Hyderabad,Mumbai Indians,Mumbai Indians,field,Sunrisers Hyderabad,runs,3,194,20,N,NA,CB Gaffaney,N Pandit
1304112,Navi Mumbai,2022-05-18,League,Q de Kock,"Dr DY Patil Sports Academy, Mumbai",Lucknow Super Giants,Kolkata Knight Riders,Lucknow Super Giants,bat,Lucknow Super Giants,runs,2,211,20,N,NA,R Pandit,YC Barde
1304113,Mumbai,2022-05-19,League,V Kohli,"Wankhede Stadium, Mumbai",Gujarat Titans,Royal Challengers Bangalore,Gujarat Titans,bat,Royal Challengers Bangalore,wickets,8,169,20,N,NA,KN Ananthapadmanabhan,GR Sadashiv Iyer
1304114,Mumbai,2022-05-20,League,R Ashwin,"Brabourne Stadium, Mumbai",Chennai Super Kings,Rajasthan Royals,Chennai Super Kings,bat,Rajasthan Royals,wickets,5,151,20,N,NA,CB Gaffaney,NA Patwardhan
1304115,Mumbai,2022-05-21,League,JJ Bumrah,"Wankhede Stadium, Mumbai",Delhi Capitals,Mumbai Indians,Mumbai Indians,field,Mumbai Indians,wickets,5,160,20,N,NA,Nitin Menon,Tapan Sharma
1304116,Mumbai,2022-05-22,League,Harpreet Brar,"Wankhede Stadium, Mumbai",Sunrisers Hyderabad,Punjab Kings,Sunrisers Hyderabad,bat,Punjab Kings,wickets,5,158,20,N,NA,AK Chaudhary,NA Patwardhan
1312197,Kolkata,2022-05-24,Qualifier 1,DA Miller,"Eden Gardens, Kolkata",Rajasthan Royals,Gujarat Titans,Gujarat Titans,field,Gujarat Titans,wickets,7,189,20,N,NA,BNJ Oxenford,VK Sharma
1312198,Kolkata,2022-05-25,Eliminator,RM Patidar,"Eden Gardens, Kolkata",Royal Challengers Bangalore,Lucknow Super Giants,Lucknow Super Giants,field,Royal Challengers Bangalore,runs,14,208,20,N,NA,J Madanagopal,MA Gough
1312199,Ahmedabad,2022-05-27,Qualifier 2,JC Buttler,"Narendra Modi Stadium, Ahmedabad",Royal Challengers Bangalore,Rajasthan Royals,Rajasthan Royals,field,Rajasthan Royals,wickets,7,158,20,N,NA,CB Gaffaney,Nitin Menon
1312200,Ahmedabad,2022-05-29,Final,HH Pandya,"Narendra Modi Stadium, Ahmedabad",Rajasthan Royals,Gujarat Titans,Rajasthan Royals,bat,Gujarat Titans,wickets,7,131,20,N,NA,CB Gaffaney,Nitin Menon
