1136561,Mumbai,2018-04-07,League,DJ Bravo,Wankhede Stadium,Mumbai Indians,Chennai Super Kings,Chennai Super Kings,field,Chennai Super Kings,wickets,1,166,20,N,NA,CB Gaffaney,A Nand Kishore
1136562,Chandigarh,2018-04-08,League,KL Rahul,Punjab Cricket Association IS Bindra Stadium,Delhi Daredevils,Kings XI Punjab,Kings XI Punjab,field,Kings XI Punjab,wickets,6,167,20,N,NA,KN Ananthapadmanabhan,RJ Tucker
1136563,Kolkata,2018-04-08,League,SP Narine,Eden Gardens,Royal Challengers Bangalore,Kolkata Knight Riders,Kolkata Knight Riders,field,Kolkata Knight Riders,wickets,4,177,20,N,NA,A Deshmukh,C Shamshuddin
1136564,Hyderabad,2018-04-09,League,S Dhawan,Rajiv Gandhi International Stadium,Rajasthan Royals,Sunrisers Hyderabad,Sunrisers Hyderabad,field,Sunrisers Hyderabad,wickets,9,126,20,N,NA,NJ Llong,VA Kulkarni
1136565,Chennai,2018-04-10,League,SW Billings,MA Chidambaram Stadium,Kolkata Knight Riders,Chennai Super Kings,Chennai Super Kings,field,Chennai Super Kings,wickets,5,203,20,N,NA,AK Chaudhary,CB Gaffaney
1136566,Jaipur,2018-04-11,League,SV Samson,Sawai Mansingh Stadium,Rajasthan Royals,Delhi Daredevils,Delhi Daredevils,field,Rajasthan Royals,runs,10,71,6,N,D/L,KN Ananthapadmanabhan,Nitin Menon
1136567,Hyderabad,2018-04-12,League,Rashid Khan,Rajiv Gandhi International Stadium,Mumbai Indians,Sunrisers Hyderabad,Sunrisers Hyderabad,field,Sunrisers Hyderabad,wickets,1,148,20,N,NA,CK Nandan,NJ Llong
1136568,Bengaluru,2018-04-13,League,UT Yadav,M.Chinnaswamy Stadium,Kings XI Punjab,Royal Challengers Bangalore,Royal Challengers Bangalore,field,Royal Challengers Bangalore,wickets,4,156,20,N,NA,A Deshmukh,S Ravi
1136569,Mumbai,2018-04-14,League,JJ Roy,Wankhede Stadium,Mumbai Indians,Delhi Daredevils,Delhi Daredevils,field,Delhi Daredevils,wickets,7,195,20,N,NA,KN Ananthapadmanabhan,Nitin Menon
1136570,Kolkata,2018-04-14,League,B Stanlake,Eden Gardens,Kolkata Knight Riders,Sunrisers Hyderabad,Sunrisers Hyderabad,field,Sunrisers Hyderabad,wickets,5,139,20,N,NA,AK Chaudhary,A Nand Kishore
1136571,Bengaluru,2018-04-15,League,SV Samson,M.Chinnaswamy Stadium,Rajasthan Royals,Royal Challengers Bangalore,Royal Challengers Bangalore,field,Rajasthan Royals,runs,19,218,20,N,NA,C Shamshuddin,S Ravi
1136572,Chandigarh,2018-04-15,League,CH Gayle,Punjab Cricket Association IS Bindra Stadium,Kings XI Punjab,Chennai Super Kings,Chennai Super Kings,field,Kings XI Punjab,runs,4,198,20,N,NA,CK Nandan,VA Kulkarni
1136573,Kolkata,2018-04-16,League,N Rana,Eden Gardens,Kolkata Knight Riders,Delhi Daredevils,Delhi Daredevils,field,Kolkata Knight Riders,runs,71,201,20,N,NA,AK Chaudhary,A Nand Kishore
1136574,Mumbai,2018-04-17,League,RG Sharma,Wankhede Stadium,Mumbai Indians,Royal Challengers Bangalore,Royal Challengers Bangalore,field,Mumbai Indians,runs,46,214,20,N,NA,Nitin Menon,RJ Tucker
1136575,Jaipur,2018-04-18,League,N Rana,Sawai Mansingh Stadium,Rajasthan Royals,Kolkata Knight Riders,Kolkata Knight Riders,field,Kolkata Knight Riders,wickets,7,161,20,N,NA,A Deshmukh,S Ravi
1136576,Chandigarh,2018-04-19,League,CH Gayle,Punjab Cricket Association IS Bindra Stadium,Kings XI Punjab,Sunrisers Hyderabad,Kings XI Punjab,bat,Kings XI Punjab,runs,15,194,20,N,NA,AK Chaudhary,NJ Llong
1136577,Pune,2018-04-20,League,SR Watson,Maharashtra Cricket Association Stadium,Chennai Super Kings,Rajasthan Royals,Rajasthan Royals,field,Chennai Super Kings,runs,64,205,20,N,NA,KN Ananthapadmanabhan,Nitin Menon
1136578,Kolkata,2018-04-21,League,KL Rahul,Eden Gardens,Kolkata Knight Riders,Kings XI Punjab,Kings XI Punjab,field,Kings XI Punjab,wickets,9,125,13,N,D/L,A Deshmukh,C Shamshuddin
1136579,Bengaluru,2018-04-21,League,AB de Villiers,M.Chinnaswamy Stadium,Delhi Daredevils,Royal Challengers Bangalore,Royal Challengers Bangalore,field,Royal Challengers Bangalore,wickets,6,175,20,N,NA,CB Gaffaney,CK Nandan
1136580,Hyderabad,2018-04-22,League,AT Rayudu,Rajiv Gandhi International Stadium,Chennai Super Kings,Sunrisers Hyderabad,Sunrisers Hyderabad,field,Chennai Super Kings,runs,4,183,20,N,NA,AK Chaudhary,VA Kulkarni
1136581,Jaipur,2018-04-22,League,JC Archer,Sawai Mansingh Stadium,Mumbai Indians,Rajasthan Royals,Mumbai Indians,bat,Rajasthan Royals,wickets,3,168,20,N,NA,KN Ananthapadmanabhan,RJ Tucker
1136582,Delhi,2018-04-23,League,AS Rajpoot,Arun Jaitley Stadium,Kings XI Punjab,Delhi Daredevils,Delhi Daredevils,field,Kings XI Punjab,runs,4,144,20,N,NA,A Nand Kishore,CK Nandan
1136583,Mumbai,2018-04-24,League,Rashid Khan,Wankhede Stadium,Sunrisers Hyderabad,Mumbai Indians,Mumbai Indians,field,Sunrisers Hyderabad,runs,31,119,20,N,NA,C Shamshuddin,S Ravi
1136584,Bengaluru,2018-04-25,League,MS Dhoni,M.Chinnaswamy Stadium,Royal Challengers Bangalore,Chennai Super Kings,Chennai Super Kings,field,Chennai Super Kings,wickets,5,206,20,N,NA,NJ Llong,VK Sharma
1136585,Hyderabad,2018-04-26,League,AS Rajpoot,Rajiv Gandhi International Stadium,Sunrisers Hyderabad,Kings XI Punjab,Kings XI Punjab,field,Sunrisers Hyderabad,runs,13,133,20,N,NA,CK Nandan,YC Barde
1136586,Delhi,2018-04-27,League,SS Iyer,Arun Jaitley Stadium,Delhi Daredevils,Kolkata Knight Riders,Kolkata Knight Riders,field,Delhi Daredevils,runs,55,220,20,N,NA,C Shamshuddin,S Ravi
1136587,Pune,2018-04-28,League,RG Sharma,Maharashtra Cricket Association Stadium,Chennai Super Kings,Mumbai Indians,Mumbai Indians,field,Mumbai Indians,wickets,8,170,20,N,NA,CB Gaffaney,Nitin Menon
1136588,Jaipur,2018-04-29,League,KS Williamson,Sawai Mansingh Stadium,Sunrisers Hyderabad,Rajasthan Royals,Sunrisers Hyderabad,bat,Sunrisers Hyderabad,runs,11,152,20,N,NA,BNJ Oxenford,A Nand Kishore
1136589,Bengaluru,2018-04-29,League,CA Lynn,M.Chinnaswamy Stadium,Royal Challengers Bangalore,Kolkata Knight Riders,Kolkata Knight Riders,field,Kolkata Knight Riders,wickets,6,176,20,N,NA,AK Chaudhary,NJ Llong
1136590,Pune,2018-04-30,League,SR Watson,Maharashtra Cricket Association Stadium,Chennai Super Kings,Delhi Daredevils,Delhi Daredevils,field,Chennai Super Kings,runs,13,212,20,N,NA,AY Dandekar,C Shamshuddin
1136591,Bengaluru,2018-05-01,League,TG Southee,M.Chinnaswamy Stadium,Royal Challengers Bangalore,Mumbai Indians,Mumbai Indians,field,Royal Challengers Bangalore,runs,14,168,20,N,NA,M Erasmus,Nitin Menon
1136592,Delhi,2018-05-02,League,RR Pant,Arun Jaitley Stadium,Delhi Daredevils,Rajasthan Royals,Rajasthan Royals,field,Delhi Daredevils,runs,4,151,12,N,D/L,CK Nandan,VK Sharma
1136593,Kolkata,2018-05-03,League,SP Narine,Eden Gardens,Chennai Super Kings,Kolkata Knight Riders,Kolkata Knight Riders,field,Kolkata Knight Riders,wickets,6,178,20,N,NA,A Deshmukh,HDPK Dharmasena
1136594,Indore,2018-05-04,League,SA Yadav,Holkar Cricket Stadium,Kings XI Punjab,Mumbai Indians,Mumbai Indians,field,Mumbai Indians,wickets,6,175,20,N,NA,AY Dandekar,S Ravi
1136595,Pune,2018-05-05,League,RA Jadeja,Maharashtra Cricket Association Stadium,Royal Challengers Bangalore,Chennai Super Kings,Chennai Super Kings,field,Chennai Super Kings,wickets,6,128,20,N,NA,Nitin Menon,YC Barde
1136596,Hyderabad,2018-05-05,League,Rashid Khan,Rajiv Gandhi International Stadium,Delhi Daredevils,Sunrisers Hyderabad,Delhi Daredevils,bat,Sunrisers Hyderabad,wickets,7,164,20,N,NA,BNJ Oxenford,CK Nandan
1136597,Mumbai,2018-05-06,League,HH Pandya,Wankhede Stadium,Mumbai Indians,Kolkata Knight Riders,Kolkata Knight Riders,field,Mumbai Indians,runs,13,182,20,N,NA,A Deshmukh,HDPK Dharmasena
1136598,Indore,2018-05-06,League,Mujeeb Ur Rahman,Holkar Cricket Stadium,Rajasthan Royals,Kings XI Punjab,Kings XI Punjab,field,Kings XI Punjab,wickets,6,153,20,N,NA,C Shamshuddin,S Ravi
1136599,Hyderabad,2018-05-07,League,KS Williamson,Rajiv Gandhi International Stadium,Sunrisers Hyderabad,Royal Challengers Bangalore,Royal Challengers Bangalore,field,Sunrisers Hyderabad,runs,5,147,20,N,NA,BNJ Oxenford,VK Sharma
1136600,Jaipur,2018-05-08,League,JC Buttler,Sawai Mansingh Stadium,Rajasthan Royals,Kings XI Punjab,Rajasthan Royals,bat,Rajasthan Royals,runs,15,159,20,N,NA,M Erasmus,Nitin Menon
1136601,Kolkata,2018-05-09,League,Ishan Kishan,Eden Gardens,Mumbai Indians,Kolkata Knight Riders,Kolkata Knight Riders,field,Mumbai Indians,runs,102,211,20,N,NA,KN Ananthapadmanabhan,AK Chaudhary
1136602,Delhi,2018-05-10,League,S Dhawan,Arun Jaitley Stadium,Delhi Daredevils,Sunrisers Hyderabad,Delhi Daredevils,bat,Sunrisers Hyderabad,wickets,9,188,20,N,NA,AY Dandekar,C Shamshuddin
1136603,Jaipur,2018-05-11,League,JC Buttler,Sawai Mansingh Stadium,Chennai Super Kings,Rajasthan Royals,Chennai Super Kings,bat,Rajasthan Royals,wickets,4,177,20,N,NA,M Erasmus,YC Barde
1136604,Indore,2018-05-12,League,SP Narine,Holkar Cricket Stadium,Kolkata Knight Riders,Kings XI Punjab,Kings XI Punjab,field,Kolkata Knight Riders,runs,31,246,20,N,NA,CK Nandan,VK Sharma
1136605,Delhi,2018-05-12,League,AB de Villiers,Arun Jaitley Stadium,Delhi Daredevils,Royal Challengers Bangalore,Royal Challengers Bangalore,field,Royal Challengers Bangalore,wickets,5,182,20,N,NA,KN Ananthapadmanabhan,HDPK Dharmasena
1136606,Pune,2018-05-13,League,AT Rayudu,Maharashtra Cricket Association Stadium,Sunrisers Hyderabad,Chennai Super Kings,Chennai Super Kings,field,Chennai Super Kings,wickets,8,180,20,N,NA,M Erasmus,YC Barde
1136607,Mumbai,2018-05-13,League,JC Buttler,Wankhede Stadium,Mumbai Indians,Rajasthan Royals,Rajasthan Royals,field,Rajasthan Royals,wickets,7,169,20,N,NA,Nitin Menon,S Ravi
1136608,Indore,2018-05-14,League,UT Yadav,Holkar Cricket Stadium,Kings XI Punjab,Royal Challengers Bangalore,Royal Challengers Bangalore,field,Royal Challengers Bangalore,wickets,10,89,20,N,NA,BNJ Oxenford,VK Sharma
1136609,Kolkata,2018-05-15,League,Kuldeep Yadav,Eden Gardens,Rajasthan Royals,Kolkata Knight Riders,Kolkata Knight Riders,field,Kolkata Knight Riders,wickets,6,143,20,N,NA,AK Chaudhary,HDPK Dharmasena
1136610,Mumbai,2018-05-16,League,JJ Bumrah,Wankhede Stadium,Mumbai Indians,Kings XI Punjab,Kings XI Punjab,field,Mumbai Indians,runs,3,187,20,N,NA,M Erasmus,Nitin Menon
1136611,Bengaluru,2018-05-17,League,AB de Villiers,M.Chinnaswamy Stadium,Royal Challengers Bangalore,Sunrisers Hyderabad,Sunrisers Hyderabad,field,Royal Challengers Bangalore,runs,14,219,20,N,NA,AY Dandekar,S Ravi
1136612,Delhi,2018-05-18,League,HV Patel,Arun Jaitley Stadium,Delhi Daredevils,Chennai Super Kings,Chennai Super Kings,field,Delhi Daredevils,runs,34,163,20,N,NA,HDPK Dharmasena,VA Kulkarni
1136613,Jaipur,2018-05-19,League,S Gopal,Sawai Mansingh Stadium,Rajasthan Royals,Royal Challengers Bangalore,Rajasthan Royals,bat,Rajasthan Royals,runs,30,165,20,N,NA,BNJ Oxenford,VK Sharma
1136614,Hyderabad,2018-05-19,League,CA Lynn,Rajiv Gandhi International Stadium,Sunrisers Hyderabad,Kolkata Knight Riders,Sunrisers Hyderabad,bat,Kolkata Knight Riders,wickets,5,173,20,N,NA,AK Chaudhary,S Ravi
1136615,Delhi,2018-05-20,League,A Mishra,Arun Jaitley Stadium,Delhi Daredevils,Mumbai Indians,Delhi Daredevils,bat,Delhi Daredevils,runs,11,175,20,N,NA,HDPK Dharmasena,CK Nandan
1136616,Pune,2018-05-20,League,L Ngidi,Maharashtra Cricket Association Stadium,Kings XI Punjab,Chennai Super Kings,Chennai Super Kings,field,Chennai Super Kings,wickets,5,154,20,N,NA,Nitin Menon,YC Barde
1136617,Mumbai,2018-05-22,Qualifier 1,F du Plessis,Wankhede Stadium,Sunrisers Hyderabad,Chennai Super Kings,Chennai Super Kings,field,Chennai Super Kings,wickets,2,140,20,N,NA,C Shamshuddin,M Erasmus
1136618,Kolkata,2018-05-23,Eliminator,AD Russell,Eden Gardens,Kolkata Knight Riders,Rajasthan Royals,Rajasthan Royals,field,Kolkata Knight Riders,runs,25,170,20,N,NA,AK Chaudhary,Nitin Menon
1136619,Kolkata,2018-05-25,Qualifier 2,Rashid Khan,Eden Gardens,Sunrisers Hyderabad,Kolkata Knight Riders,Kolkata Knight Riders,field,Sunrisers Hyderabad,runs,14,175,20,N,NA,HDPK Dharmasena,Nitin Menon
1136620,Mumbai,2018-05-27,Final,SR Watson,Wankhede Stadium,Sunrisers Hyderabad,Chennai Super Kings,Chennai Super Kings,field,Chennai Super Kings,wickets,8,179,20,N,NA,M Erasmus,S Ravi
