548306,Chennai,2012-04-04,League,RE Levi,"MA Chidambaram Stadium, Chepauk",Chennai Super Kings,Mumbai Indians,Mumbai Indians,field,Mumbai Indians,wickets,8,113,20,N,NA,JD Cloete,SJA Taufel
548307,Kolkata,2012-04-05,League,IK Pathan,Eden Gardens,Kolkata Knight Riders,Delhi Daredevils,Delhi Daredevils,field,Delhi Daredevils,wickets,8,98,12,N,NA,S Asnani,HDPK Dharmasena
548308,Mumbai,2012-04-06,League,SPD Smith,Wankhede Stadium,Mumbai Indians,Pune Warriors,Mumbai Indians,field,Pune Warriors,runs,28,130,20,N,NA,AK Chaudhary,SJA Taufel
548309,Jaipur,2012-04-06,League,AM Rahane,Sawai Mansingh Stadium,Rajasthan Royals,Kings XI Punjab,Kings XI Punjab,field,Rajasthan Royals,runs,31,192,20,N,NA,BF Bowden,SK Tarapore
548310,Bangalore,2012-04-07,League,AB de Villiers,M Chinnaswamy Stadium,Royal Challengers Bangalore,Delhi Daredevils,Delhi Daredevils,field,Royal Challengers Bangalore,runs,20,158,20,N,NA,S Asnani,S Ravi
548311,Visakhapatnam,2012-04-07,League,RA Jadeja,Dr. Y.S. Rajasekhara Reddy ACA-VDCA Cricket Stadium,Deccan Chargers,Chennai Super Kings,Deccan Chargers,field,Chennai Super Kings,runs,74,194,20,N,NA,JD Cloete,HDPK Dharmasena
548312,Jaipur,2012-04-08,League,BJ Hodge,Sawai Mansingh Stadium,Rajasthan Royals,Kolkata Knight Riders,Kolkata Knight Riders,field,Rajasthan Royals,runs,22,165,20,N,NA,BF Bowden,VA Kulkarni
548313,Pune,2012-04-08,League,MN Samuels,Subrata Roy Sahara Stadium,Pune Warriors,Kings XI Punjab,Pune Warriors,bat,Pune Warriors,runs,22,167,20,N,NA,S Das,SJA Taufel
548314,Visakhapatnam,2012-04-09,League,RG Sharma,Dr. Y.S. Rajasekhara Reddy ACA-VDCA Cricket Stadium,Deccan Chargers,Mumbai Indians,Deccan Chargers,bat,Mumbai Indians,wickets,5,139,20,N,NA,AK Chaudhary,JD Cloete
548315,Bangalore,2012-04-10,League,L Balaji,M Chinnaswamy Stadium,Royal Challengers Bangalore,Kolkata Knight Riders,Royal Challengers Bangalore,field,Kolkata Knight Riders,runs,42,166,20,N,NA,S Ravi,RJ Tucker
548316,Delhi,2012-04-10,League,M Morkel,Feroz Shah Kotla,Delhi Daredevils,Chennai Super Kings,Delhi Daredevils,field,Delhi Daredevils,wickets,8,111,20,N,NA,Asad Rauf,SK Tarapore
548317,Mumbai,2012-04-11,League,KA Pollard,Wankhede Stadium,Mumbai Indians,Rajasthan Royals,Rajasthan Royals,field,Mumbai Indians,runs,27,198,20,N,NA,Aleem Dar,BNJ Oxenford
548318,Chennai,2012-04-12,League,F du Plessis,"MA Chidambaram Stadium, Chepauk",Chennai Super Kings,Royal Challengers Bangalore,Royal Challengers Bangalore,bat,Chennai Super Kings,wickets,5,206,20,N,NA,HDPK Dharmasena,RJ Tucker
548319,Chandigarh,2012-04-12,League,AD Mascarenhas,"Punjab Cricket Association Stadium, Mohali",Kings XI Punjab,Pune Warriors,Kings XI Punjab,field,Kings XI Punjab,wickets,7,116,20,N,NA,VA Kulkarni,SK Tarapore
548320,Kolkata,2012-04-13,League,Shakib Al Hasan,Eden Gardens,Kolkata Knight Riders,Rajasthan Royals,Rajasthan Royals,bat,Kolkata Knight Riders,wickets,5,132,20,N,NA,Asad Rauf,S Asnani
548322,Pune,2012-04-14,League,JD Ryder,Subrata Roy Sahara Stadium,Pune Warriors,Chennai Super Kings,Chennai Super Kings,bat,Pune Warriors,wickets,7,156,20,N,NA,Aleem Dar,BNJ Oxenford
548323,Kolkata,2012-04-15,League,SP Narine,Eden Gardens,Kolkata Knight Riders,Kings XI Punjab,Kolkata Knight Riders,field,Kings XI Punjab,runs,2,135,20,N,NA,Asad Rauf,S Asnani
548324,Bangalore,2012-04-15,League,AM Rahane,M Chinnaswamy Stadium,Royal Challengers Bangalore,Rajasthan Royals,Rajasthan Royals,bat,Rajasthan Royals,runs,59,196,20,N,NA,JD Cloete,RJ Tucker
548325,Mumbai,2012-04-16,League,S Nadeem,Wankhede Stadium,Mumbai Indians,Delhi Daredevils,Delhi Daredevils,field,Delhi Daredevils,wickets,7,93,20,N,NA,BF Bowden,SK Tarapore
548326,Jaipur,2012-04-17,League,BJ Hodge,Sawai Mansingh Stadium,Rajasthan Royals,Deccan Chargers,Deccan Chargers,bat,Rajasthan Royals,wickets,5,197,20,N,NA,Aleem Dar,BNJ Oxenford
548327,Bangalore,2012-04-17,League,CH Gayle,M Chinnaswamy Stadium,Royal Challengers Bangalore,Pune Warriors,Pune Warriors,bat,Royal Challengers Bangalore,wickets,6,183,20,N,NA,S Asnani,S Das
548328,Chandigarh,2012-04-18,League,G Gambhir,"Punjab Cricket Association Stadium, Mohali",Kings XI Punjab,Kolkata Knight Riders,Kings XI Punjab,bat,Kolkata Knight Riders,wickets,8,125,20,N,NA,JD Cloete,RJ Tucker
548321,Delhi,2012-04-19,League,KP Pietersen,Feroz Shah Kotla,Delhi Daredevils,Deccan Chargers,Deccan Chargers,bat,Delhi Daredevils,wickets,5,158,20,N,NA,BF Bowden,SK Tarapore
548330,Chennai,2012-04-19,League,KMDN Kulasekara,"MA Chidambaram Stadium, Chepauk",Chennai Super Kings,Pune Warriors,Pune Warriors,field,Chennai Super Kings,runs,13,165,20,N,NA,Asad Rauf,S Das
548331,Chandigarh,2012-04-20,League,CH Gayle,"Punjab Cricket Association Stadium, Mohali",Kings XI Punjab,Royal Challengers Bangalore,Royal Challengers Bangalore,field,Royal Challengers Bangalore,wickets,5,164,20,N,NA,S Ravi,RJ Tucker
548332,Chennai,2012-04-21,League,F du Plessis,"MA Chidambaram Stadium, Chepauk",Chennai Super Kings,Rajasthan Royals,Rajasthan Royals,bat,Chennai Super Kings,wickets,7,147,20,N,NA,Aleem Dar,BNJ Oxenford
548333,Delhi,2012-04-21,League,SC Ganguly,Feroz Shah Kotla,Delhi Daredevils,Pune Warriors,Delhi Daredevils,field,Pune Warriors,runs,20,193,20,N,NA,Asad Rauf,S Das
548334,Mumbai,2012-04-22,League,SE Marsh,Wankhede Stadium,Mumbai Indians,Kings XI Punjab,Mumbai Indians,bat,Kings XI Punjab,wickets,6,164,20,N,NA,S Ravi,RJ Tucker
548335,Cuttack,2012-04-22,League,B Lee,Barabati Stadium,Deccan Chargers,Kolkata Knight Riders,Kolkata Knight Riders,field,Kolkata Knight Riders,wickets,5,127,20,N,NA,BF Bowden,SK Tarapore
548336,Jaipur,2012-04-23,League,AB de Villiers,Sawai Mansingh Stadium,Rajasthan Royals,Royal Challengers Bangalore,Rajasthan Royals,field,Royal Challengers Bangalore,runs,46,190,20,N,NA,Asad Rauf,S Asnani
548337,Pune,2012-04-24,League,V Sehwag,Subrata Roy Sahara Stadium,Pune Warriors,Delhi Daredevils,Pune Warriors,bat,Delhi Daredevils,wickets,8,147,20,N,NA,S Ravi,RJ Tucker
548339,Chandigarh,2012-04-25,League,AT Rayudu,"Punjab Cricket Association Stadium, Mohali",Kings XI Punjab,Mumbai Indians,Kings XI Punjab,bat,Mumbai Indians,wickets,4,169,20,N,NA,Aleem Dar,BNJ Oxenford
548341,Pune,2012-04-26,League,CL White,Subrata Roy Sahara Stadium,Pune Warriors,Deccan Chargers,Deccan Chargers,bat,Deccan Chargers,runs,18,178,20,N,NA,S Ravi,RJ Tucker
548342,Delhi,2012-04-27,League,V Sehwag,Feroz Shah Kotla,Delhi Daredevils,Mumbai Indians,Mumbai Indians,field,Delhi Daredevils,runs,37,208,20,N,NA,Aleem Dar,BNJ Oxenford
548343,Chennai,2012-04-28,League,Mandeep Singh,"MA Chidambaram Stadium, Chepauk",Chennai Super Kings,Kings XI Punjab,Kings XI Punjab,bat,Kings XI Punjab,runs,7,157,20,N,NA,BF Bowden,SK Tarapore
548344,Kolkata,2012-04-28,League,G Gambhir,Eden Gardens,Kolkata Knight Riders,Royal Challengers Bangalore,Kolkata Knight Riders,bat,Kolkata Knight Riders,runs,47,191,20,N,NA,Asad Rauf,BR Doctrove
548345,Delhi,2012-04-29,League,V Sehwag,Feroz Shah Kotla,Delhi Daredevils,Rajasthan Royals,Delhi Daredevils,bat,Delhi Daredevils,runs,1,153,20,N,NA,S Ravi,RJ Tucker
548346,Mumbai,2012-04-29,League,DW Steyn,Wankhede Stadium,Mumbai Indians,Deccan Chargers,Mumbai Indians,field,Mumbai Indians,wickets,5,101,20,N,NA,AK Chaudhary,BNJ Oxenford
548347,Chennai,2012-04-30,League,G Gambhir,"MA Chidambaram Stadium, Chepauk",Chennai Super Kings,Kolkata Knight Riders,Chennai Super Kings,bat,Kolkata Knight Riders,wickets,5,140,20,N,NA,BF Bowden,C Shamshuddin
548348,Cuttack,2012-05-01,League,KC Sangakkara,Barabati Stadium,Deccan Chargers,Pune Warriors,Deccan Chargers,bat,Deccan Chargers,runs,13,187,20,N,NA,Aleem Dar,AK Chaudhary
548349,Jaipur,2012-05-01,League,P Negi,Sawai Mansingh Stadium,Rajasthan Royals,Delhi Daredevils,Rajasthan Royals,bat,Delhi Daredevils,wickets,6,142,20,N,NA,JD Cloete,SJA Taufel
548350,Bangalore,2012-05-02,League,Azhar Mahmood,M Chinnaswamy Stadium,Royal Challengers Bangalore,Kings XI Punjab,Kings XI Punjab,field,Kings XI Punjab,wickets,4,159,20,N,NA,BF Bowden,C Shamshuddin
548351,Pune,2012-05-03,League,SL Malinga,Subrata Roy Sahara Stadium,Pune Warriors,Mumbai Indians,Mumbai Indians,bat,Mumbai Indians,runs,1,121,20,N,NA,Asad Rauf,S Asnani
548352,Chennai,2012-05-04,League,SK Raina,"MA Chidambaram Stadium, Chepauk",Chennai Super Kings,Deccan Chargers,Chennai Super Kings,bat,Chennai Super Kings,runs,10,161,20,N,NA,HDPK Dharmasena,BNJ Oxenford
548353,Kolkata,2012-05-05,League,SP Narine,Eden Gardens,Kolkata Knight Riders,Pune Warriors,Kolkata Knight Riders,bat,Kolkata Knight Riders,runs,7,151,20,N,NA,BF Bowden,SK Tarapore
548354,Chandigarh,2012-05-05,League,SR Watson,"Punjab Cricket Association Stadium, Mohali",Kings XI Punjab,Rajasthan Royals,Rajasthan Royals,bat,Rajasthan Royals,runs,43,178,20,N,NA,JD Cloete,SJA Taufel
548355,Mumbai,2012-05-06,League,DR Smith,Wankhede Stadium,Mumbai Indians,Chennai Super Kings,Mumbai Indians,field,Mumbai Indians,wickets,2,174,20,N,NA,Asad Rauf,S Asnani
548356,Bangalore,2012-05-06,League,AB de Villiers,M Chinnaswamy Stadium,Royal Challengers Bangalore,Deccan Chargers,Royal Challengers Bangalore,field,Royal Challengers Bangalore,wickets,5,182,20,N,NA,HDPK Dharmasena,BNJ Oxenford
548357,Delhi,2012-05-07,League,JH Kallis,Feroz Shah Kotla,Delhi Daredevils,Kolkata Knight Riders,Delhi Daredevils,bat,Kolkata Knight Riders,wickets,6,154,20,N,NA,JD Cloete,S Ravi
548358,Pune,2012-05-08,League,SR Watson,Subrata Roy Sahara Stadium,Pune Warriors,Rajasthan Royals,Pune Warriors,bat,Rajasthan Royals,wickets,7,126,20,N,NA,Asad Rauf,BR Doctrove
548359,Hyderabad,2012-05-08,League,Mandeep Singh,"Rajiv Gandhi International Stadium, Uppal",Deccan Chargers,Kings XI Punjab,Deccan Chargers,field,Kings XI Punjab,runs,25,171,20,N,NA,HDPK Dharmasena,BNJ Oxenford
548360,Mumbai,2012-05-09,League,CH Gayle,Wankhede Stadium,Mumbai Indians,Royal Challengers Bangalore,Royal Challengers Bangalore,field,Royal Challengers Bangalore,wickets,9,142,20,N,NA,BF Bowden,VA Kulkarni
548329,Hyderabad,2012-05-10,League,DA Warner,"Rajiv Gandhi International Stadium, Uppal",Deccan Chargers,Delhi Daredevils,Deccan Chargers,bat,Delhi Daredevils,wickets,9,188,20,N,NA,JD Cloete,SJA Taufel
548361,Jaipur,2012-05-10,League,BW Hilfenhaus,Sawai Mansingh Stadium,Rajasthan Royals,Chennai Super Kings,Chennai Super Kings,field,Chennai Super Kings,wickets,4,127,20,N,NA,BNJ Oxenford,C Shamshuddin
548362,Pune,2012-05-11,League,CH Gayle,Subrata Roy Sahara Stadium,Pune Warriors,Royal Challengers Bangalore,Pune Warriors,field,Royal Challengers Bangalore,runs,35,174,20,N,NA,BF Bowden,SK Tarapore
548363,Kolkata,2012-05-12,League,RG Sharma,Eden Gardens,Kolkata Knight Riders,Mumbai Indians,Mumbai Indians,bat,Mumbai Indians,runs,27,183,20,N,NA,S Ravi,SJA Taufel
548364,Chennai,2012-05-12,League,BW Hilfenhaus,"MA Chidambaram Stadium, Chepauk",Chennai Super Kings,Delhi Daredevils,Chennai Super Kings,field,Chennai Super Kings,wickets,9,115,20,N,NA,S Das,BR Doctrove
548365,Jaipur,2012-05-13,League,A Chandila,Sawai Mansingh Stadium,Rajasthan Royals,Pune Warriors,Rajasthan Royals,bat,Rajasthan Royals,runs,45,171,20,N,NA,BF Bowden,SK Tarapore
548366,Chandigarh,2012-05-13,League,DJ Hussey,"Punjab Cricket Association Stadium, Mohali",Kings XI Punjab,Deccan Chargers,Deccan Chargers,bat,Kings XI Punjab,wickets,4,191,20,N,NA,HDPK Dharmasena,BNJ Oxenford
548367,Bangalore,2012-05-14,League,AT Rayudu,M Chinnaswamy Stadium,Royal Challengers Bangalore,Mumbai Indians,Mumbai Indians,field,Mumbai Indians,wickets,5,172,20,N,NA,S Das,BR Doctrove
548368,Kolkata,2012-05-14,League,MEK Hussey,Eden Gardens,Kolkata Knight Riders,Chennai Super Kings,Chennai Super Kings,field,Chennai Super Kings,wickets,5,159,20,N,NA,JD Cloete,SJA Taufel
548369,Delhi,2012-05-15,League,UT Yadav,Feroz Shah Kotla,Delhi Daredevils,Kings XI Punjab,Kings XI Punjab,bat,Delhi Daredevils,wickets,5,137,20,N,NA,HDPK Dharmasena,BNJ Oxenford
548370,Mumbai,2012-05-16,League,SP Narine,Wankhede Stadium,Mumbai Indians,Kolkata Knight Riders,Mumbai Indians,field,Kolkata Knight Riders,runs,32,141,20,N,NA,S Das,BR Doctrove
548371,Dharamsala,2012-05-17,League,AC Gilchrist,Himachal Pradesh Cricket Association Stadium,Kings XI Punjab,Chennai Super Kings,Kings XI Punjab,field,Kings XI Punjab,wickets,6,121,20,N,NA,VA Kulkarni,SK Tarapore
548372,Delhi,2012-05-17,League,CH Gayle,Feroz Shah Kotla,Delhi Daredevils,Royal Challengers Bangalore,Delhi Daredevils,field,Royal Challengers Bangalore,runs,21,216,20,N,NA,HDPK Dharmasena,C Shamshuddin
548373,Hyderabad,2012-05-18,League,DW Steyn,"Rajiv Gandhi International Stadium, Uppal",Deccan Chargers,Rajasthan Royals,Rajasthan Royals,bat,Deccan Chargers,wickets,5,127,20,N,NA,S Ravi,SJA Taufel
548374,Dharamsala,2012-05-19,League,UT Yadav,Himachal Pradesh Cricket Association Stadium,Kings XI Punjab,Delhi Daredevils,Delhi Daredevils,field,Delhi Daredevils,wickets,6,142,20,N,NA,BF Bowden,VA Kulkarni
548375,Pune,2012-05-19,League,Shakib Al Hasan,Subrata Roy Sahara Stadium,Pune Warriors,Kolkata Knight Riders,Kolkata Knight Riders,bat,Kolkata Knight Riders,runs,34,137,20,N,NA,S Asnani,BR Doctrove
548376,Hyderabad,2012-05-20,League,DW Steyn,"Rajiv Gandhi International Stadium, Uppal",Deccan Chargers,Royal Challengers Bangalore,Royal Challengers Bangalore,field,Deccan Chargers,runs,9,133,20,N,NA,S Ravi,SJA Taufel
548377,Jaipur,2012-05-20,League,DR Smith,Sawai Mansingh Stadium,Rajasthan Royals,Mumbai Indians,Rajasthan Royals,bat,Mumbai Indians,wickets,10,163,20,N,NA,HDPK Dharmasena,C Shamshuddin
548378,Pune,2012-05-22,Qualifier 1,YK Pathan,Subrata Roy Sahara Stadium,Delhi Daredevils,Kolkata Knight Riders,Kolkata Knight Riders,bat,Kolkata Knight Riders,runs,18,163,20,N,NA,BR Doctrove,SJA Taufel
548379,Bangalore,2012-05-23,Elimination Final,MS Dhoni,M Chinnaswamy Stadium,Chennai Super Kings,Mumbai Indians,Mumbai Indians,field,Chennai Super Kings,runs,38,188,20,N,NA,BF Bowden,HDPK Dharmasena
548380,Chennai,2012-05-25,Qualifier 2,M Vijay,"MA Chidambaram Stadium, Chepauk",Delhi Daredevils,Chennai Super Kings,Delhi Daredevils,field,Chennai Super Kings,runs,86,223,20,N,NA,BR Doctrove,SJA Taufel
548381,Chennai,2012-05-27,Final,MS Bisla,"MA Chidambaram Stadium, Chepauk",Kolkata Knight Riders,Chennai Super Kings,Chennai Super Kings,bat,Kolkata Knight Riders,wickets,5,191,20,N,NA,BF Bowden,SJA Taufel
