392181,Cape Town,2009-04-18,League,SR Tendulkar,Newlands,Chennai Super Kings,Mumbai Indians,Chennai Super Kings,field,Mumbai Indians,runs,19,166,20,N,NA,BR Doctrove,K Hariharan
392182,Cape Town,2009-04-18,League,R Dravid,Newlands,Royal Challengers Bangalore,Rajasthan Royals,Royal Challengers Bangalore,bat,Royal Challengers Bangalore,runs,75,134,20,N,NA,BR Doctrove,RB Tiffin
392183,Cape Town,2009-04-19,League,DL Vettori,Newlands,Delhi Daredevils,Kings XI Punjab,Delhi Daredevils,field,Delhi Daredevils,wickets,10,54,6,N,D/L,MR Benson,SD Ranade
392184,Cape Town,2009-04-19,League,RP Singh,Newlands,Deccan Chargers,Kolkata Knight Riders,Kolkata Knight Riders,bat,Deccan Chargers,wickets,8,102,20,N,NA,MR Benson,BR Doctrove
392185,Port Elizabeth,2009-04-20,League,M Muralitharan,St George's Park,Royal Challengers Bangalore,Chennai Super Kings,Chennai Super Kings,bat,Chennai Super Kings,runs,92,180,20,N,NA,BG Jerling,SJA Taufel
392186,Durban,2009-04-21,League,CH Gayle,Kingsmead,Kings XI Punjab,Kolkata Knight Riders,Kolkata Knight Riders,field,Kolkata Knight Riders,runs,11,69,9.2,N,D/L,DJ Harper,SD Ranade
392188,Cape Town,2009-04-22,League,AC Gilchrist,Newlands,Royal Challengers Bangalore,Deccan Chargers,Deccan Chargers,bat,Deccan Chargers,runs,24,185,20,N,NA,M Erasmus,AM Saheba
392189,Durban,2009-04-23,League,AB de Villiers,Kingsmead,Chennai Super Kings,Delhi Daredevils,Delhi Daredevils,bat,Delhi Daredevils,runs,9,190,20,N,NA,BR Doctrove,SJA Taufel
392190,Cape Town,2009-04-23,League,YK Pathan,Newlands,Kolkata Knight Riders,Rajasthan Royals,Kolkata Knight Riders,field,Rajasthan Royals,tie,NA,151,20,Y,NA,MR Benson,M Erasmus
392191,Durban,2009-04-24,League,RS Bopara,Kingsmead,Royal Challengers Bangalore,Kings XI Punjab,Royal Challengers Bangalore,bat,Kings XI Punjab,wickets,7,169,20,N,NA,BR Doctrove,TH Wijewardene
392192,Durban,2009-04-25,League,PP Ojha,Kingsmead,Deccan Chargers,Mumbai Indians,Deccan Chargers,bat,Deccan Chargers,runs,12,169,20,N,NA,HDPK Dharmasena,SJA Taufel
392194,Port Elizabeth,2009-04-26,League,TM Dilshan,St George's Park,Royal Challengers Bangalore,Delhi Daredevils,Royal Challengers Bangalore,bat,Delhi Daredevils,wickets,6,150,20,N,NA,S Asnani,BG Jerling
392195,Cape Town,2009-04-26,League,KC Sangakkara,Newlands,Kings XI Punjab,Rajasthan Royals,Kings XI Punjab,bat,Kings XI Punjab,runs,27,140,20,N,NA,M Erasmus,K Hariharan
392196,Durban,2009-04-27,League,HH Gibbs,Kingsmead,Chennai Super Kings,Deccan Chargers,Deccan Chargers,field,Deccan Chargers,wickets,6,166,20,N,NA,IL Howell,TH Wijewardene
392197,Port Elizabeth,2009-04-27,League,SR Tendulkar,St George's Park,Kolkata Knight Riders,Mumbai Indians,Mumbai Indians,bat,Mumbai Indians,runs,92,188,20,N,NA,BG Jerling,RB Tiffin
392198,Centurion,2009-04-28,League,YK Pathan,SuperSport Park,Delhi Daredevils,Rajasthan Royals,Delhi Daredevils,bat,Rajasthan Royals,wickets,5,144,20,N,NA,GAV Baxter,RE Koertzen
392199,Durban,2009-04-29,League,MV Boucher,Kingsmead,Royal Challengers Bangalore,Kolkata Knight Riders,Kolkata Knight Riders,bat,Royal Challengers Bangalore,wickets,5,140,20,N,NA,MR Benson,TH Wijewardene
392200,Durban,2009-04-29,League,KC Sangakkara,Kingsmead,Kings XI Punjab,Mumbai Indians,Kings XI Punjab,bat,Kings XI Punjab,runs,3,120,20,N,NA,MR Benson,SL Shastri
392201,Centurion,2009-04-30,League,DP Nannes,SuperSport Park,Deccan Chargers,Delhi Daredevils,Delhi Daredevils,field,Delhi Daredevils,wickets,6,149,20,N,NA,GAV Baxter,AM Saheba
392202,Centurion,2009-04-30,League,SK Raina,SuperSport Park,Chennai Super Kings,Rajasthan Royals,Rajasthan Royals,field,Chennai Super Kings,runs,38,165,20,N,NA,GAV Baxter,RE Koertzen
392203,East London,2009-05-01,League,JP Duminy,Buffalo Park,Kolkata Knight Riders,Mumbai Indians,Mumbai Indians,bat,Mumbai Indians,runs,9,149,20,N,NA,M Erasmus,SK Tarapore
392204,Durban,2009-05-01,League,Yuvraj Singh,Kingsmead,Royal Challengers Bangalore,Kings XI Punjab,Royal Challengers Bangalore,bat,Royal Challengers Bangalore,runs,8,146,20,N,NA,HDPK Dharmasena,S Ravi
392205,Port Elizabeth,2009-05-02,League,YK Pathan,St George's Park,Deccan Chargers,Rajasthan Royals,Deccan Chargers,bat,Rajasthan Royals,wickets,3,142,20,N,NA,S Asnani,BG Jerling
392206,Johannesburg,2009-05-02,League,SB Jakati,New Wanderers Stadium,Chennai Super Kings,Delhi Daredevils,Delhi Daredevils,field,Chennai Super Kings,runs,18,164,20,N,NA,DJ Harper,RE Koertzen
392207,Port Elizabeth,2009-05-03,League,DPMD Jayawardene,St George's Park,Kings XI Punjab,Kolkata Knight Riders,Kolkata Knight Riders,bat,Kings XI Punjab,wickets,6,154,20,N,NA,S Asnani,MR Benson
392208,Johannesburg,2009-05-03,League,JH Kallis,New Wanderers Stadium,Royal Challengers Bangalore,Mumbai Indians,Mumbai Indians,bat,Royal Challengers Bangalore,wickets,9,150,20,N,NA,RE Koertzen,TH Wijewardene
392209,East London,2009-05-04,League,MS Dhoni,Buffalo Park,Chennai Super Kings,Deccan Chargers,Chennai Super Kings,bat,Chennai Super Kings,runs,78,179,20,N,NA,BR Doctrove,M Erasmus
392210,Durban,2009-05-05,League,GC Smith,Kingsmead,Kings XI Punjab,Rajasthan Royals,Kings XI Punjab,field,Rajasthan Royals,runs,78,212,20,N,NA,SS Hazare,IL Howell
392211,Durban,2009-05-05,League,G Gambhir,Kingsmead,Delhi Daredevils,Kolkata Knight Riders,Kolkata Knight Riders,bat,Delhi Daredevils,wickets,9,155,20,N,NA,GAV Baxter,IL Howell
392212,Centurion,2009-05-06,League,RG Sharma,SuperSport Park,Deccan Chargers,Mumbai Indians,Deccan Chargers,bat,Deccan Chargers,runs,19,146,20,N,NA,MR Benson,HDPK Dharmasena
392213,Centurion,2009-05-07,League,A Singh,SuperSport Park,Royal Challengers Bangalore,Rajasthan Royals,Rajasthan Royals,field,Rajasthan Royals,wickets,7,106,20,N,NA,K Hariharan,DJ Harper
392214,Centurion,2009-05-07,League,ML Hayden,SuperSport Park,Chennai Super Kings,Kings XI Punjab,Chennai Super Kings,bat,Chennai Super Kings,runs,12,187,18,N,D/L,DJ Harper,TH Wijewardene
392215,East London,2009-05-08,League,A Nehra,Buffalo Park,Delhi Daredevils,Mumbai Indians,Mumbai Indians,bat,Delhi Daredevils,wickets,7,117,20,N,NA,M Erasmus,SK Tarapore
392216,Kimberley,2009-05-09,League,DPMD Jayawardene,De Beers Diamond Oval,Deccan Chargers,Kings XI Punjab,Kings XI Punjab,field,Kings XI Punjab,wickets,3,169,20,N,NA,GAV Baxter,AM Saheba
392217,Kimberley,2009-05-09,League,S Badrinath,De Beers Diamond Oval,Chennai Super Kings,Rajasthan Royals,Rajasthan Royals,bat,Chennai Super Kings,wickets,7,141,20,N,NA,GAV Baxter,HDPK Dharmasena
392218,Port Elizabeth,2009-05-10,League,JP Duminy,St George's Park,Royal Challengers Bangalore,Mumbai Indians,Mumbai Indians,bat,Mumbai Indians,runs,16,158,20,N,NA,BR Doctrove,BG Jerling
392219,Johannesburg,2009-05-10,League,A Mishra,New Wanderers Stadium,Delhi Daredevils,Kolkata Knight Riders,Delhi Daredevils,field,Delhi Daredevils,wickets,7,124,20,N,NA,SL Shastri,RB Tiffin
392220,Kimberley,2009-05-11,League,DR Smith,De Beers Diamond Oval,Deccan Chargers,Rajasthan Royals,Deccan Chargers,bat,Deccan Chargers,runs,53,167,20,N,NA,GAV Baxter,HDPK Dharmasena
392221,Centurion,2009-05-12,League,LRPL Taylor,SuperSport Park,Royal Challengers Bangalore,Kolkata Knight Riders,Royal Challengers Bangalore,field,Royal Challengers Bangalore,wickets,6,174,20,N,NA,M Erasmus,SS Hazare
392222,Centurion,2009-05-12,League,Harbhajan Singh,SuperSport Park,Kings XI Punjab,Mumbai Indians,Kings XI Punjab,bat,Mumbai Indians,wickets,8,120,20,N,NA,SS Hazare,RE Koertzen
392223,Durban,2009-05-13,League,R Bhatia,Kingsmead,Deccan Chargers,Delhi Daredevils,Deccan Chargers,field,Delhi Daredevils,runs,12,174,20,N,NA,DJ Harper,SL Shastri
392224,Durban,2009-05-14,League,LRPL Taylor,Kingsmead,Royal Challengers Bangalore,Chennai Super Kings,Chennai Super Kings,bat,Royal Challengers Bangalore,wickets,2,130,20,N,NA,BR Doctrove,DJ Harper
392225,Durban,2009-05-14,League,SK Warne,Kingsmead,Mumbai Indians,Rajasthan Royals,Rajasthan Royals,bat,Rajasthan Royals,runs,2,146,20,N,NA,BR Doctrove,DJ Harper
392226,Bloemfontein,2009-05-15,League,B Lee,OUTsurance Oval,Delhi Daredevils,Kings XI Punjab,Kings XI Punjab,field,Kings XI Punjab,wickets,6,121,20,N,NA,HDPK Dharmasena,IL Howell
392227,Port Elizabeth,2009-05-16,League,ML Hayden,St George's Park,Chennai Super Kings,Mumbai Indians,Mumbai Indians,bat,Chennai Super Kings,wickets,7,148,20,N,NA,SK Tarapore,SJA Taufel
392228,Johannesburg,2009-05-16,League,RG Sharma,New Wanderers Stadium,Deccan Chargers,Kolkata Knight Riders,Deccan Chargers,field,Deccan Chargers,wickets,6,161,20,N,NA,RE Koertzen,S Ravi
392229,Johannesburg,2009-05-17,League,Yuvraj Singh,New Wanderers Stadium,Deccan Chargers,Kings XI Punjab,Deccan Chargers,field,Kings XI Punjab,runs,1,135,20,N,NA,S Ravi,RB Tiffin
392230,Bloemfontein,2009-05-17,League,AB de Villiers,OUTsurance Oval,Delhi Daredevils,Rajasthan Royals,Delhi Daredevils,bat,Delhi Daredevils,runs,14,151,20,N,NA,SS Hazare,IL Howell
392231,Centurion,2009-05-18,League,BJ Hodge,SuperSport Park,Chennai Super Kings,Kolkata Knight Riders,Chennai Super Kings,bat,Kolkata Knight Riders,wickets,7,189,20,N,NA,SJA Taufel,RB Tiffin
392232,Johannesburg,2009-05-19,League,JH Kallis,New Wanderers Stadium,Royal Challengers Bangalore,Delhi Daredevils,Delhi Daredevils,bat,Royal Challengers Bangalore,wickets,7,135,20,N,NA,IL Howell,RB Tiffin
392233,Durban,2009-05-20,League,LR Shukla,Kingsmead,Kolkata Knight Riders,Rajasthan Royals,Kolkata Knight Riders,field,Kolkata Knight Riders,wickets,4,102,20,N,NA,BG Jerling,SJA Taufel
392234,Durban,2009-05-20,League,M Muralitharan,Kingsmead,Chennai Super Kings,Kings XI Punjab,Chennai Super Kings,bat,Chennai Super Kings,runs,24,117,20,N,NA,BG Jerling,SJA Taufel
392235,Centurion,2009-05-21,League,V Sehwag,SuperSport Park,Delhi Daredevils,Mumbai Indians,Delhi Daredevils,field,Delhi Daredevils,wickets,4,166,20,N,NA,IL Howell,S Ravi
392236,Centurion,2009-05-21,League,MK Pandey,SuperSport Park,Royal Challengers Bangalore,Deccan Chargers,Royal Challengers Bangalore,bat,Royal Challengers Bangalore,runs,12,171,20,N,NA,IL Howell,S Ravi
392237,Centurion,2009-05-22,Semi Final,AC Gilchrist,SuperSport Park,Delhi Daredevils,Deccan Chargers,Deccan Chargers,field,Deccan Chargers,wickets,6,154,20,N,NA,BR Doctrove,DJ Harper
392238,Johannesburg,2009-05-23,Semi Final,MK Pandey,New Wanderers Stadium,Royal Challengers Bangalore,Chennai Super Kings,Royal Challengers Bangalore,field,Royal Challengers Bangalore,wickets,6,147,20,N,NA,RE Koertzen,SJA Taufel
392239,Johannesburg,2009-05-24,Final,A Kumble,New Wanderers Stadium,Royal Challengers Bangalore,Deccan Chargers,Royal Challengers Bangalore,field,Deccan Chargers,runs,6,144,20,N,NA,RE Koertzen,SJA Taufel
