1175356,Chennai,2019-03-23,League,Harbhajan Singh,MA Chidambaram Stadium,Royal Challengers Bangalore,Chennai Super Kings,Chennai Super Kings,field,Chennai Super Kings,wickets,7,71,20,N,NA,AY Dandekar,BNJ Oxenford
1175357,Kolkata,2019-03-24,League,AD Russell,Eden Gardens,Sunrisers Hyderabad,Kolkata Knight Riders,Kolkata Knight Riders,field,Kolkata Knight Riders,wickets,6,182,20,N,NA,AK Chaudhary,CB Gaffaney
1175358,Mumbai,2019-03-24,League,RR Pant,Wankhede Stadium,Delhi Capitals,Mumbai Indians,Mumbai Indians,field,Delhi Capitals,runs,37,214,20,N,NA,S Ravi,YC Barde
1175359,Jaipur,2019-03-25,League,CH Gayle,Sawai Mansingh Stadium,Kings XI Punjab,Rajasthan Royals,Rajasthan Royals,field,Kings XI Punjab,runs,14,185,20,N,NA,C Shamshuddin,KN Ananthapadmanabhan
1175360,Delhi,2019-03-26,League,SR Watson,Arun Jaitley Stadium,Delhi Capitals,Chennai Super Kings,Delhi Capitals,bat,Chennai Super Kings,wickets,6,148,20,N,NA,M Erasmus,Nitin Menon
1175361,Kolkata,2019-03-27,League,AD Russell,Eden Gardens,Kolkata Knight Riders,Kings XI Punjab,Kings XI Punjab,field,Kolkata Knight Riders,runs,28,219,20,N,NA,AK Chaudhary,VA Kulkarni
1175362,Bengaluru,2019-03-28,League,JJ Bumrah,M.Chinnaswamy Stadium,Mumbai Indians,Royal Challengers Bangalore,Royal Challengers Bangalore,field,Mumbai Indians,runs,6,188,20,N,NA,CK Nandan,S Ravi
1175363,Hyderabad,2019-03-29,League,Rashid Khan,Rajiv Gandhi International Stadium,Rajasthan Royals,Sunrisers Hyderabad,Rajasthan Royals,bat,Sunrisers Hyderabad,wickets,5,199,20,N,NA,BNJ Oxenford,C Shamshuddin
1175364,Chandigarh,2019-03-30,League,MA Agarwal,Punjab Cricket Association IS Bindra Stadium,Mumbai Indians,Kings XI Punjab,Kings XI Punjab,field,Kings XI Punjab,wickets,8,177,20,N,NA,CB Gaffaney,VA Kulkarni
1175365,Delhi,2019-03-30,League,PP Shaw,Arun Jaitley Stadium,Kolkata Knight Riders,Delhi Capitals,Delhi Capitals,field,Delhi Capitals,tie,NA,186,20,Y,NA,AY Dandekar,Nitin Menon
1175366,Hyderabad,2019-03-31,League,JM Bairstow,Rajiv Gandhi International Stadium,Sunrisers Hyderabad,Royal Challengers Bangalore,Royal Challengers Bangalore,field,Sunrisers Hyderabad,runs,118,232,20,N,NA,KN Ananthapadmanabhan,S Ravi
1175367,Chennai,2019-03-31,League,MS Dhoni,MA Chidambaram Stadium,Chennai Super Kings,Rajasthan Royals,Rajasthan Royals,field,Chennai Super Kings,runs,8,176,20,N,NA,CK Nandan,YC Barde
1175368,Chandigarh,2019-04-01,League,SM Curran,Punjab Cricket Association IS Bindra Stadium,Kings XI Punjab,Delhi Capitals,Delhi Capitals,field,Kings XI Punjab,runs,14,167,20,N,NA,AK Chaudhary,CB Gaffaney
1175369,Jaipur,2019-04-02,League,S Gopal,Sawai Mansingh Stadium,Royal Challengers Bangalore,Rajasthan Royals,Rajasthan Royals,field,Rajasthan Royals,wickets,7,159,20,N,NA,AY Dandekar,M Erasmus
1175370,Mumbai,2019-04-03,League,HH Pandya,Wankhede Stadium,Mumbai Indians,Chennai Super Kings,Chennai Super Kings,field,Mumbai Indians,runs,37,171,20,N,NA,BNJ Oxenford,RJ Tucker
1175371,Delhi,2019-04-04,League,JM Bairstow,Arun Jaitley Stadium,Delhi Capitals,Sunrisers Hyderabad,Sunrisers Hyderabad,field,Sunrisers Hyderabad,wickets,5,130,20,N,NA,C Shamshuddin,KN Ananthapadmanabhan
1175372,Bengaluru,2019-04-05,League,AD Russell,M.Chinnaswamy Stadium,Royal Challengers Bangalore,Kolkata Knight Riders,Kolkata Knight Riders,field,Kolkata Knight Riders,wickets,5,206,20,N,NA,AK Chaudhary,CB Gaffaney
1178393,Chennai,2019-04-06,League,Harbhajan Singh,MA Chidambaram Stadium,Chennai Super Kings,Kings XI Punjab,Chennai Super Kings,bat,Chennai Super Kings,runs,22,161,20,N,NA,KN Ananthapadmanabhan,RJ Tucker
1178394,Hyderabad,2019-04-06,League,AS Joseph,Rajiv Gandhi International Stadium,Mumbai Indians,Sunrisers Hyderabad,Sunrisers Hyderabad,field,Mumbai Indians,runs,40,137,20,N,NA,AY Dandekar,Nitin Menon
1178395,Bengaluru,2019-04-07,League,K Rabada,M.Chinnaswamy Stadium,Royal Challengers Bangalore,Delhi Capitals,Delhi Capitals,field,Delhi Capitals,wickets,4,150,20,N,NA,S Ravi,YC Barde
1178396,Jaipur,2019-04-07,League,HF Gurney,Sawai Mansingh Stadium,Rajasthan Royals,Kolkata Knight Riders,Kolkata Knight Riders,field,Kolkata Knight Riders,wickets,8,140,20,N,NA,AK Chaudhary,CB Gaffaney
1178397,Chandigarh,2019-04-08,League,KL Rahul,Punjab Cricket Association IS Bindra Stadium,Sunrisers Hyderabad,Kings XI Punjab,Kings XI Punjab,field,Kings XI Punjab,wickets,6,151,20,N,NA,AY Dandekar,M Erasmus
1178398,Chennai,2019-04-09,League,DL Chahar,MA Chidambaram Stadium,Kolkata Knight Riders,Chennai Super Kings,Chennai Super Kings,field,Chennai Super Kings,wickets,7,109,20,N,NA,C Shamshuddin,RJ Tucker
1178399,Mumbai,2019-04-10,League,KA Pollard,Wankhede Stadium,Kings XI Punjab,Mumbai Indians,Mumbai Indians,field,Mumbai Indians,wickets,3,198,20,N,NA,S Ravi,YC Barde
1178400,Jaipur,2019-04-11,League,MS Dhoni,Sawai Mansingh Stadium,Rajasthan Royals,Chennai Super Kings,Chennai Super Kings,field,Chennai Super Kings,wickets,4,152,20,N,NA,BNJ Oxenford,UV Gandhe
1178401,Kolkata,2019-04-12,League,S Dhawan,Eden Gardens,Kolkata Knight Riders,Delhi Capitals,Delhi Capitals,field,Delhi Capitals,wickets,7,179,20,N,NA,CK Nandan,YC Barde
1178402,Mumbai,2019-04-13,League,JC Buttler,Wankhede Stadium,Mumbai Indians,Rajasthan Royals,Rajasthan Royals,field,Rajasthan Royals,wickets,4,188,20,N,NA,A Nand Kishore,Nitin Menon
1178403,Chandigarh,2019-04-13,League,AB de Villiers,Punjab Cricket Association IS Bindra Stadium,Kings XI Punjab,Royal Challengers Bangalore,Royal Challengers Bangalore,field,Royal Challengers Bangalore,wickets,8,174,20,N,NA,S Ravi,UV Gandhe
1178404,Kolkata,2019-04-14,League,Imran Tahir,Eden Gardens,Kolkata Knight Riders,Chennai Super Kings,Chennai Super Kings,field,Chennai Super Kings,wickets,5,162,20,N,NA,CK Nandan,RJ Tucker
1178405,Hyderabad,2019-04-14,League,KMA Paul,Rajiv Gandhi International Stadium,Delhi Capitals,Sunrisers Hyderabad,Sunrisers Hyderabad,field,Delhi Capitals,runs,39,156,20,N,NA,AK Chaudhary,BNJ Oxenford
1178406,Mumbai,2019-04-15,League,SL Malinga,Wankhede Stadium,Royal Challengers Bangalore,Mumbai Indians,Mumbai Indians,field,Mumbai Indians,wickets,5,172,20,N,NA,M Erasmus,Nitin Menon
1178407,Chandigarh,2019-04-16,League,R Ashwin,Punjab Cricket Association IS Bindra Stadium,Kings XI Punjab,Rajasthan Royals,Rajasthan Royals,field,Kings XI Punjab,runs,12,183,20,N,NA,AK Chaudhary,VA Kulkarni
1178408,Hyderabad,2019-04-17,League,DA Warner,Rajiv Gandhi International Stadium,Chennai Super Kings,Sunrisers Hyderabad,Chennai Super Kings,bat,Sunrisers Hyderabad,wickets,6,133,20,N,NA,IJ Gould,UV Gandhe
1178409,Delhi,2019-04-18,League,HH Pandya,Arun Jaitley Stadium,Mumbai Indians,Delhi Capitals,Mumbai Indians,bat,Mumbai Indians,runs,40,169,20,N,NA,BNJ Oxenford,NJ Llong
1178410,Kolkata,2019-04-19,League,V Kohli,Eden Gardens,Royal Challengers Bangalore,Kolkata Knight Riders,Kolkata Knight Riders,field,Royal Challengers Bangalore,runs,10,214,20,N,NA,IJ Gould,Nitin Menon
1178411,Jaipur,2019-04-20,League,SPD Smith,Sawai Mansingh Stadium,Mumbai Indians,Rajasthan Royals,Rajasthan Royals,field,Rajasthan Royals,wickets,5,162,20,N,NA,S Ravi,YC Barde
1178412,Delhi,2019-04-20,League,SS Iyer,Arun Jaitley Stadium,Kings XI Punjab,Delhi Capitals,Delhi Capitals,field,Delhi Capitals,wickets,5,164,20,N,NA,C Shamshuddin,UV Gandhe
1178413,Hyderabad,2019-04-21,League,KK Ahmed,Rajiv Gandhi International Stadium,Kolkata Knight Riders,Sunrisers Hyderabad,Sunrisers Hyderabad,field,Sunrisers Hyderabad,wickets,9,160,20,N,NA,NJ Llong,Nitin Menon
1178414,Bengaluru,2019-04-21,League,PA Patel,M.Chinnaswamy Stadium,Royal Challengers Bangalore,Chennai Super Kings,Chennai Super Kings,field,Royal Challengers Bangalore,runs,1,162,20,N,NA,RJ Tucker,VA Kulkarni
1178415,Jaipur,2019-04-22,League,RR Pant,Sawai Mansingh Stadium,Rajasthan Royals,Delhi Capitals,Delhi Capitals,field,Delhi Capitals,wickets,6,192,20,N,NA,A Nand Kishore,S Ravi
1178416,Chennai,2019-04-23,League,SR Watson,MA Chidambaram Stadium,Sunrisers Hyderabad,Chennai Super Kings,Chennai Super Kings,field,Chennai Super Kings,wickets,6,176,20,N,NA,AK Chaudhary,NJ Llong
1178417,Bengaluru,2019-04-24,League,AB de Villiers,M.Chinnaswamy Stadium,Royal Challengers Bangalore,Kings XI Punjab,Kings XI Punjab,field,Royal Challengers Bangalore,runs,17,203,20,N,NA,BNJ Oxenford,C Shamshuddin
1178418,Kolkata,2019-04-25,League,VR Aaron,Eden Gardens,Kolkata Knight Riders,Rajasthan Royals,Rajasthan Royals,field,Rajasthan Royals,wickets,3,176,20,N,NA,AY Dandekar,IJ Gould
1178419,Chennai,2019-04-26,League,RG Sharma,MA Chidambaram Stadium,Mumbai Indians,Chennai Super Kings,Chennai Super Kings,field,Mumbai Indians,runs,46,156,20,N,NA,AK Chaudhary,NJ Llong
1178420,Jaipur,2019-04-27,League,JD Unadkat,Sawai Mansingh Stadium,Sunrisers Hyderabad,Rajasthan Royals,Rajasthan Royals,field,Rajasthan Royals,wickets,7,161,20,N,NA,A Nand Kishore,YC Barde
1178421,Delhi,2019-04-28,League,S Dhawan,Arun Jaitley Stadium,Delhi Capitals,Royal Challengers Bangalore,Delhi Capitals,bat,Delhi Capitals,runs,16,188,20,N,NA,BNJ Oxenford,KN Ananthapadmanabhan
1178422,Kolkata,2019-04-28,League,AD Russell,Eden Gardens,Kolkata Knight Riders,Mumbai Indians,Mumbai Indians,field,Kolkata Knight Riders,runs,34,233,20,N,NA,IJ Gould,Nitin Menon
1178423,Hyderabad,2019-04-29,League,DA Warner,Rajiv Gandhi International Stadium,Sunrisers Hyderabad,Kings XI Punjab,Kings XI Punjab,field,Sunrisers Hyderabad,runs,45,213,20,N,NA,CK Nandan,S Ravi
1178424,Bengaluru,2019-04-30,League,NA,M.Chinnaswamy Stadium,Royal Challengers Bangalore,Rajasthan Royals,Rajasthan Royals,field,NA,no result,NA,63,5,N,NA,NJ Llong,UV Gandhe
1178425,Chennai,2019-05-01,League,MS Dhoni,MA Chidambaram Stadium,Chennai Super Kings,Delhi Capitals,Delhi Capitals,field,Chennai Super Kings,runs,80,180,20,N,NA,AY Dandekar,Nitin Menon
1178426,Mumbai,2019-05-02,League,JJ Bumrah,Wankhede Stadium,Mumbai Indians,Sunrisers Hyderabad,Mumbai Indians,bat,Mumbai Indians,tie,NA,163,20,Y,NA,CK Nandan,S Ravi
1178427,Chandigarh,2019-05-03,League,Shubman Gill,Punjab Cricket Association IS Bindra Stadium,Kings XI Punjab,Kolkata Knight Riders,Kolkata Knight Riders,field,Kolkata Knight Riders,wickets,7,184,20,N,NA,BNJ Oxenford,C Shamshuddin
1178428,Delhi,2019-05-04,League,A Mishra,Arun Jaitley Stadium,Rajasthan Royals,Delhi Capitals,Rajasthan Royals,bat,Delhi Capitals,wickets,5,116,20,N,NA,AY Dandekar,IJ Gould
1178429,Bengaluru,2019-05-04,League,SO Hetmyer,M.Chinnaswamy Stadium,Sunrisers Hyderabad,Royal Challengers Bangalore,Royal Challengers Bangalore,field,Royal Challengers Bangalore,wickets,4,176,20,N,NA,AK Chaudhary,NJ Llong
1178430,Chandigarh,2019-05-05,League,KL Rahul,Punjab Cricket Association IS Bindra Stadium,Chennai Super Kings,Kings XI Punjab,Kings XI Punjab,field,Kings XI Punjab,wickets,6,171,20,N,NA,C Shamshuddin,KN Ananthapadmanabhan
1178431,Mumbai,2019-05-05,League,HH Pandya,Wankhede Stadium,Kolkata Knight Riders,Mumbai Indians,Mumbai Indians,field,Mumbai Indians,wickets,9,134,20,N,NA,A Nand Kishore,CK Nandan
1181764,Chennai,2019-05-07,Qualifier 1,SA Yadav,MA Chidambaram Stadium,Chennai Super Kings,Mumbai Indians,Chennai Super Kings,bat,Mumbai Indians,wickets,6,132,20,N,NA,NJ Llong,Nitin Menon
1181766,Visakhapatnam,2019-05-08,Eliminator,RR Pant,Dr. Y.S. Rajasekhara Reddy ACA-VDCA Cricket Stadium,Sunrisers Hyderabad,Delhi Capitals,Delhi Capitals,field,Delhi Capitals,wickets,2,163,20,N,NA,BNJ Oxenford,S Ravi
1181767,Visakhapatnam,2019-05-10,Qualifier 2,F du Plessis,Dr. Y.S. Rajasekhara Reddy ACA-VDCA Cricket Stadium,Delhi Capitals,Chennai Super Kings,Chennai Super Kings,field,Chennai Super Kings,wickets,6,148,20,N,NA,BNJ Oxenford,S Ravi
1181768,Hyderabad,2019-05-12,Final,JJ Bumrah,Rajiv Gandhi International Stadium,Mumbai Indians,Chennai Super Kings,Mumbai Indians,bat,Mumbai Indians,runs,1,150,20,N,NA,IJ Gould,Nitin Menon
