980901,Mumbai,2016-04-09,League,AM Rahane,Wankhede Stadium,Mumbai Indians,Rising Pune Supergiants,Mumbai Indians,bat,Rising Pune Supergiants,wickets,9,122,20,N,NA,HDPK Dharmasena,CK Nandan
980903,Kolkata,2016-04-10,League,AD Russell,Eden Gardens,Kolkata Knight Riders,Delhi Daredevils,Kolkata Knight Riders,field,Kolkata Knight Riders,wickets,9,99,20,N,NA,S Ravi,C Shamshuddin
980905,Chandigarh,2016-04-11,League,AJ Finch,"Punjab Cricket Association IS Bindra Stadium, Mohali",Kings XI Punjab,Gujarat Lions,Gujarat Lions,field,Gujarat Lions,wickets,5,162,20,N,NA,AK Chaudhary,VA Kulkarni
980907,Bangalore,2016-04-12,League,AB de Villiers,M Chinnaswamy Stadium,Royal Challengers Bangalore,Sunrisers Hyderabad,Sunrisers Hyderabad,field,Royal Challengers Bangalore,runs,45,228,20,N,NA,HDPK Dharmasena,VK Sharma
980909,Kolkata,2016-04-13,League,RG Sharma,Eden Gardens,Kolkata Knight Riders,Mumbai Indians,Mumbai Indians,field,Mumbai Indians,wickets,6,188,20,N,NA,Nitin Menon,S Ravi
980911,Rajkot,2016-04-14,League,AJ Finch,Saurashtra Cricket Association Stadium,Gujarat Lions,Rising Pune Supergiants,Rising Pune Supergiants,bat,Gujarat Lions,wickets,7,164,20,N,NA,VA Kulkarni,CK Nandan
980913,Delhi,2016-04-15,League,A Mishra,Feroz Shah Kotla,Delhi Daredevils,Kings XI Punjab,Delhi Daredevils,field,Delhi Daredevils,wickets,8,112,20,N,NA,S Ravi,C Shamshuddin
980915,Hyderabad,2016-04-16,League,G Gambhir,"Rajiv Gandhi International Stadium, Uppal",Sunrisers Hyderabad,Kolkata Knight Riders,Sunrisers Hyderabad,bat,Kolkata Knight Riders,wickets,8,143,20,N,NA,AK Chaudhary,CK Nandan
980917,Mumbai,2016-04-16,League,AJ Finch,Wankhede Stadium,Mumbai Indians,Gujarat Lions,Gujarat Lions,field,Gujarat Lions,wickets,3,144,20,N,NA,HDPK Dharmasena,VK Sharma
980919,Chandigarh,2016-04-17,League,M Vohra,"Punjab Cricket Association IS Bindra Stadium, Mohali",Kings XI Punjab,Rising Pune Supergiants,Rising Pune Supergiants,bat,Kings XI Punjab,wickets,6,153,20,N,NA,S Ravi,C Shamshuddin
980921,Bangalore,2016-04-17,League,Q de Kock,M Chinnaswamy Stadium,Royal Challengers Bangalore,Delhi Daredevils,Delhi Daredevils,field,Delhi Daredevils,wickets,7,192,20,N,NA,VA Kulkarni,A Nand Kishore
980923,Hyderabad,2016-04-18,League,DA Warner,"Rajiv Gandhi International Stadium, Uppal",Sunrisers Hyderabad,Mumbai Indians,Sunrisers Hyderabad,field,Sunrisers Hyderabad,wickets,7,143,20,N,NA,HDPK Dharmasena,VK Sharma
980925,Chandigarh,2016-04-19,League,RV Uthappa,"Punjab Cricket Association IS Bindra Stadium, Mohali",Kings XI Punjab,Kolkata Knight Riders,Kolkata Knight Riders,field,Kolkata Knight Riders,wickets,6,139,20,N,NA,S Ravi,C Shamshuddin
980927,Mumbai,2016-04-20,League,RG Sharma,Wankhede Stadium,Mumbai Indians,Royal Challengers Bangalore,Mumbai Indians,field,Mumbai Indians,wickets,6,171,20,N,NA,AK Chaudhary,CK Nandan
980929,Rajkot,2016-04-21,League,B Kumar,Saurashtra Cricket Association Stadium,Gujarat Lions,Sunrisers Hyderabad,Sunrisers Hyderabad,field,Sunrisers Hyderabad,wickets,10,136,20,N,NA,K Bharatan,HDPK Dharmasena
980931,Pune,2016-04-22,League,AB de Villiers,Maharashtra Cricket Association Stadium,Rising Pune Supergiants,Royal Challengers Bangalore,Rising Pune Supergiants,field,Royal Challengers Bangalore,runs,13,186,20,N,NA,CB Gaffaney,VK Sharma
980933,Delhi,2016-04-23,League,SV Samson,Feroz Shah Kotla,Delhi Daredevils,Mumbai Indians,Mumbai Indians,field,Delhi Daredevils,runs,10,165,20,N,NA,S Ravi,C Shamshuddin
980935,Hyderabad,2016-04-23,League,Mustafizur Rahman,"Rajiv Gandhi International Stadium, Uppal",Sunrisers Hyderabad,Kings XI Punjab,Sunrisers Hyderabad,field,Sunrisers Hyderabad,wickets,5,144,20,N,NA,AK Chaudhary,CK Nandan
980937,Rajkot,2016-04-24,League,V Kohli,Saurashtra Cricket Association Stadium,Gujarat Lions,Royal Challengers Bangalore,Royal Challengers Bangalore,bat,Gujarat Lions,wickets,6,181,20,N,NA,K Bharatan,BNJ Oxenford
980939,Pune,2016-04-24,League,SA Yadav,Maharashtra Cricket Association Stadium,Rising Pune Supergiants,Kolkata Knight Riders,Kolkata Knight Riders,field,Kolkata Knight Riders,wickets,2,161,20,N,NA,CB Gaffaney,A Nand Kishore
980941,Chandigarh,2016-04-25,League,PA Patel,"Punjab Cricket Association IS Bindra Stadium, Mohali",Kings XI Punjab,Mumbai Indians,Kings XI Punjab,field,Mumbai Indians,runs,25,190,20,N,NA,Nitin Menon,RJ Tucker
980943,Hyderabad,2016-04-26,League,AB Dinda,"Rajiv Gandhi International Stadium, Uppal",Sunrisers Hyderabad,Rising Pune Supergiants,Rising Pune Supergiants,field,Rising Pune Supergiants,runs,34,61,11,N,D/L,AY Dandekar,CK Nandan
980945,Delhi,2016-04-27,League,CH Morris,Feroz Shah Kotla,Delhi Daredevils,Gujarat Lions,Delhi Daredevils,field,Gujarat Lions,runs,1,173,20,N,NA,M Erasmus,S Ravi
980947,Mumbai,2016-04-28,League,RG Sharma,Wankhede Stadium,Mumbai Indians,Kolkata Knight Riders,Mumbai Indians,field,Mumbai Indians,wickets,6,175,20,N,NA,Nitin Menon,RJ Tucker
980949,Pune,2016-04-29,League,DR Smith,Maharashtra Cricket Association Stadium,Rising Pune Supergiants,Gujarat Lions,Gujarat Lions,field,Gujarat Lions,wickets,3,196,20,N,NA,CB Gaffaney,BNJ Oxenford
980951,Delhi,2016-04-30,League,CR Brathwaite,Feroz Shah Kotla,Delhi Daredevils,Kolkata Knight Riders,Kolkata Knight Riders,field,Delhi Daredevils,runs,27,187,20,N,NA,KN Ananthapadmanabhan,M Erasmus
980953,Hyderabad,2016-04-30,League,DA Warner,"Rajiv Gandhi International Stadium, Uppal",Sunrisers Hyderabad,Royal Challengers Bangalore,Royal Challengers Bangalore,field,Sunrisers Hyderabad,runs,15,195,20,N,NA,AK Chaudhary,HDPK Dharmasena
980955,Rajkot,2016-05-01,League,AR Patel,Saurashtra Cricket Association Stadium,Gujarat Lions,Kings XI Punjab,Gujarat Lions,field,Kings XI Punjab,runs,23,155,20,N,NA,BNJ Oxenford,VK Sharma
980957,Pune,2016-05-01,League,RG Sharma,Maharashtra Cricket Association Stadium,Rising Pune Supergiants,Mumbai Indians,Mumbai Indians,field,Mumbai Indians,wickets,8,160,20,N,NA,AY Dandekar,RJ Tucker
980959,Bangalore,2016-05-02,League,AD Russell,M Chinnaswamy Stadium,Royal Challengers Bangalore,Kolkata Knight Riders,Kolkata Knight Riders,field,Kolkata Knight Riders,wickets,5,186,20,N,NA,M Erasmus,S Ravi
980961,Rajkot,2016-05-03,League,RR Pant,Saurashtra Cricket Association Stadium,Gujarat Lions,Delhi Daredevils,Delhi Daredevils,field,Delhi Daredevils,wickets,8,150,20,N,NA,CB Gaffaney,BNJ Oxenford
980963,Kolkata,2016-05-04,League,AD Russell,Eden Gardens,Kolkata Knight Riders,Kings XI Punjab,Kings XI Punjab,field,Kolkata Knight Riders,runs,7,165,20,N,NA,AK Chaudhary,HDPK Dharmasena
980965,Delhi,2016-05-05,League,AM Rahane,Feroz Shah Kotla,Delhi Daredevils,Rising Pune Supergiants,Rising Pune Supergiants,field,Rising Pune Supergiants,wickets,7,163,20,N,NA,C Shamshuddin,RJ Tucker
980967,Hyderabad,2016-05-06,League,B Kumar,"Rajiv Gandhi International Stadium, Uppal",Sunrisers Hyderabad,Gujarat Lions,Sunrisers Hyderabad,field,Sunrisers Hyderabad,wickets,5,127,20,N,NA,M Erasmus,S Ravi
980969,Bangalore,2016-05-07,League,V Kohli,M Chinnaswamy Stadium,Royal Challengers Bangalore,Rising Pune Supergiants,Royal Challengers Bangalore,field,Royal Challengers Bangalore,wickets,7,192,20,N,NA,CB Gaffaney,BNJ Oxenford
980971,Chandigarh,2016-05-07,League,MP Stoinis,"Punjab Cricket Association IS Bindra Stadium, Mohali",Kings XI Punjab,Delhi Daredevils,Delhi Daredevils,field,Kings XI Punjab,runs,9,182,20,N,NA,HDPK Dharmasena,CK Nandan
980973,Visakhapatnam,2016-05-08,League,A Nehra,Dr. Y.S. Rajasekhara Reddy ACA-VDCA Cricket Stadium,Mumbai Indians,Sunrisers Hyderabad,Mumbai Indians,field,Sunrisers Hyderabad,runs,85,178,20,N,NA,S Ravi,C Shamshuddin
980975,Kolkata,2016-05-08,League,P Kumar,Eden Gardens,Kolkata Knight Riders,Gujarat Lions,Gujarat Lions,field,Gujarat Lions,wickets,5,159,20,N,NA,M Erasmus,RJ Tucker
980977,Chandigarh,2016-05-09,League,SR Watson,"Punjab Cricket Association IS Bindra Stadium, Mohali",Kings XI Punjab,Royal Challengers Bangalore,Kings XI Punjab,field,Royal Challengers Bangalore,runs,1,176,20,N,NA,AK Chaudhary,HDPK Dharmasena
980979,Visakhapatnam,2016-05-10,League,A Zampa,Dr. Y.S. Rajasekhara Reddy ACA-VDCA Cricket Stadium,Rising Pune Supergiants,Sunrisers Hyderabad,Sunrisers Hyderabad,bat,Sunrisers Hyderabad,runs,4,138,20,N,NA,CB Gaffaney,VK Sharma
980981,Bangalore,2016-05-11,League,KH Pandya,M Chinnaswamy Stadium,Royal Challengers Bangalore,Mumbai Indians,Mumbai Indians,field,Mumbai Indians,wickets,6,152,20,N,NA,AY Dandekar,C Shamshuddin
980983,Hyderabad,2016-05-12,League,CH Morris,"Rajiv Gandhi International Stadium, Uppal",Sunrisers Hyderabad,Delhi Daredevils,Delhi Daredevils,field,Delhi Daredevils,wickets,7,147,20,N,NA,K Bharatan,M Erasmus
980985,Visakhapatnam,2016-05-13,League,MP Stoinis,Dr. Y.S. Rajasekhara Reddy ACA-VDCA Cricket Stadium,Mumbai Indians,Kings XI Punjab,Mumbai Indians,bat,Kings XI Punjab,wickets,7,125,20,N,NA,HDPK Dharmasena,CK Nandan
980987,Bangalore,2016-05-14,League,AB de Villiers,M Chinnaswamy Stadium,Royal Challengers Bangalore,Gujarat Lions,Gujarat Lions,field,Royal Challengers Bangalore,runs,144,249,20,N,NA,AY Dandekar,VK Sharma
980989,Kolkata,2016-05-14,League,YK Pathan,Eden Gardens,Kolkata Knight Riders,Rising Pune Supergiants,Rising Pune Supergiants,bat,Kolkata Knight Riders,wickets,8,66,9,N,D/L,A Nand Kishore,BNJ Oxenford
980991,Chandigarh,2016-05-15,League,HM Amla,"Punjab Cricket Association IS Bindra Stadium, Mohali",Kings XI Punjab,Sunrisers Hyderabad,Kings XI Punjab,bat,Sunrisers Hyderabad,wickets,7,180,20,N,NA,KN Ananthapadmanabhan,M Erasmus
980993,Visakhapatnam,2016-05-15,League,KH Pandya,Dr. Y.S. Rajasekhara Reddy ACA-VDCA Cricket Stadium,Mumbai Indians,Delhi Daredevils,Delhi Daredevils,field,Mumbai Indians,runs,80,207,20,N,NA,Nitin Menon,CK Nandan
980995,Kolkata,2016-05-16,League,V Kohli,Eden Gardens,Kolkata Knight Riders,Royal Challengers Bangalore,Royal Challengers Bangalore,field,Royal Challengers Bangalore,wickets,9,184,20,N,NA,CB Gaffaney,A Nand Kishore
980997,Visakhapatnam,2016-05-17,League,AB Dinda,Dr. Y.S. Rajasekhara Reddy ACA-VDCA Cricket Stadium,Rising Pune Supergiants,Delhi Daredevils,Rising Pune Supergiants,field,Rising Pune Supergiants,runs,19,58,11,N,D/L,Nitin Menon,C Shamshuddin
980999,Bangalore,2016-05-18,League,V Kohli,M Chinnaswamy Stadium,Royal Challengers Bangalore,Kings XI Punjab,Kings XI Punjab,field,Royal Challengers Bangalore,runs,82,203,14,N,D/L,KN Ananthapadmanabhan,M Erasmus
981001,Kanpur,2016-05-19,League,DR Smith,Green Park,Gujarat Lions,Kolkata Knight Riders,Gujarat Lions,field,Gujarat Lions,wickets,6,125,20,N,NA,AK Chaudhary,CK Nandan
981003,Raipur,2016-05-20,League,KK Nair,Shaheed Veer Narayan Singh International Stadium,Delhi Daredevils,Sunrisers Hyderabad,Delhi Daredevils,field,Delhi Daredevils,wickets,6,159,20,N,NA,A Nand Kishore,BNJ Oxenford
981005,Visakhapatnam,2016-05-21,League,MS Dhoni,Dr. Y.S. Rajasekhara Reddy ACA-VDCA Cricket Stadium,Rising Pune Supergiants,Kings XI Punjab,Kings XI Punjab,bat,Rising Pune Supergiants,wickets,4,173,20,N,NA,HDPK Dharmasena,Nitin Menon
981007,Kanpur,2016-05-21,League,SK Raina,Green Park,Gujarat Lions,Mumbai Indians,Gujarat Lions,field,Gujarat Lions,wickets,6,173,20,N,NA,AK Chaudhary,CK Nandan
981009,Kolkata,2016-05-22,League,YK Pathan,Eden Gardens,Kolkata Knight Riders,Sunrisers Hyderabad,Sunrisers Hyderabad,field,Kolkata Knight Riders,runs,22,172,20,N,NA,KN Ananthapadmanabhan,M Erasmus
981011,Raipur,2016-05-22,League,V Kohli,Shaheed Veer Narayan Singh International Stadium,Delhi Daredevils,Royal Challengers Bangalore,Royal Challengers Bangalore,field,Royal Challengers Bangalore,wickets,6,139,20,N,NA,A Nand Kishore,BNJ Oxenford
981013,Bangalore,2016-05-24,Qualifier 1,AB de Villiers,M Chinnaswamy Stadium,Gujarat Lions,Royal Challengers Bangalore,Royal Challengers Bangalore,field,Royal Challengers Bangalore,wickets,4,159,20,N,NA,AK Chaudhary,HDPK Dharmasena
981015,Delhi,2016-05-25,Elimination Final,MC Henriques,Feroz Shah Kotla,Sunrisers Hyderabad,Kolkata Knight Riders,Kolkata Knight Riders,field,Sunrisers Hyderabad,runs,22,163,20,N,NA,M Erasmus,C Shamshuddin
981017,Delhi,2016-05-27,Qualifier 2,DA Warner,Feroz Shah Kotla,Gujarat Lions,Sunrisers Hyderabad,Sunrisers Hyderabad,field,Sunrisers Hyderabad,wickets,4,163,20,N,NA,M Erasmus,CK Nandan
981019,Bangalore,2016-05-29,Final,BCJ Cutting,M Chinnaswamy Stadium,Royal Challengers Bangalore,Sunrisers Hyderabad,Sunrisers Hyderabad,bat,Sunrisers Hyderabad,runs,8,209,20,N,NA,HDPK Dharmasena,BNJ Oxenford
