1359475,Ahmedabad,2023-03-31,League,Rashid Khan,"Narendra Modi Stadium, Ahmedabad",Chennai Super Kings,Gujarat Titans,Gujarat Titans,field,Gujarat Titans,wickets,5,179,20,N,NA,Nitin Menon,HAS Khalid
1359476,Chandigarh,2023-04-01,League,Arshdeep Singh,"Punjab Cricket Association IS Bindra Stadium, Mohali, Chandigarh",Punjab Kings,Kolkata Knight Riders,Kolkata Knight Riders,field,Punjab Kings,runs,7,154,16,N,D/L,BNJ Oxenford,YC Barde
1359477,Lucknow,2023-04-01,League,MA Wood,"Bharat Ratna Shri Atal Bihari Vajpayee Ekana Cricket Stadium, Lucknow",Lucknow Super Giants,Delhi Capitals,Delhi Capitals,field,Lucknow Super Giants,runs,50,194,20,N,NA,AK Chaudhary,NA Patwardhan
1359478,Hyderabad,2023-04-02,League,JC Buttler,"Rajiv Gandhi International Stadium, Uppal, Hyderabad",Rajasthan Royals,Sunrisers Hyderabad,Sunrisers Hyderabad,field,Rajasthan Royals,runs,72,204,20,N,NA,KN Ananthapadmanabhan,R Pandit
1359479,Bengaluru,2023-04-02,League,F du Plessis,"M Chinnaswamy Stadium, Bengaluru",Mumbai Indians,Royal Challengers Bangalore,Royal Challengers Bangalore,field,Royal Challengers Bangalore,wickets,8,172,20,N,NA,Nitin Menon,Tapan Sharma
1359480,Chennai,2023-04-03,League,MM Ali,"MA Chidambaram Stadium, Chepauk, Chennai",Chennai Super Kings,Lucknow Super Giants,Lucknow Super Giants,field,Chennai Super Kings,runs,12,218,20,N,NA,A Totre,BNJ Oxenford
1359481,Delhi,2023-04-04,League,B Sai Sudharsan,"Arun Jaitley Stadium, Delhi",Delhi Capitals,Gujarat Titans,Gujarat Titans,field,Gujarat Titans,wickets,6,163,20,N,NA,A Nand Kishore,GR Sadashiv Iyer
1359482,Guwahati,2023-04-05,League,NT Ellis,"Barsapara Cricket Stadium, Guwahati",Punjab Kings,Rajasthan Royals,Rajasthan Royals,field,Punjab Kings,runs,5,198,20,N,NA,KN Ananthapadmanabhan,MV Saidharshan Kumar
1359483,Kolkata,2023-04-06,League,SN Thakur,"Eden Gardens, Kolkata",Kolkata Knight Riders,Royal Challengers Bangalore,Royal Challengers Bangalore,field,Kolkata Knight Riders,runs,81,205,20,N,NA,Vinod Seshan,VK Sharma
1359484,Lucknow,2023-04-07,League,KH Pandya,"Bharat Ratna Shri Atal Bihari Vajpayee Ekana Cricket Stadium, Lucknow",Sunrisers Hyderabad,Lucknow Super Giants,Sunrisers Hyderabad,bat,Lucknow Super Giants,wickets,5,122,20,N,NA,J Madanagopal,YC Barde
1359485,Guwahati,2023-04-08,League,YBK Jaiswal,"Barsapara Cricket Stadium, Guwahati",Rajasthan Royals,Delhi Capitals,Delhi Capitals,field,Rajasthan Royals,runs,57,200,20,N,NA,Navdeep Singh,MV Saidharshan Kumar
1359486,Mumbai,2023-04-08,League,RA Jadeja,"Wankhede Stadium, Mumbai",Mumbai Indians,Chennai Super Kings,Chennai Super Kings,field,Chennai Super Kings,wickets,7,158,20,N,NA,CB Gaffaney,NA Patwardhan
1359487,Ahmedabad,2023-04-09,League,RK Singh,"Narendra Modi Stadium, Ahmedabad",Gujarat Titans,Kolkata Knight Riders,Gujarat Titans,bat,Kolkata Knight Riders,wickets,3,205,20,N,NA,Nitin Menon,Tapan Sharma
1359488,Hyderabad,2023-04-09,League,S Dhawan,"Rajiv Gandhi International Stadium, Uppal, Hyderabad",Punjab Kings,Sunrisers Hyderabad,Sunrisers Hyderabad,field,Sunrisers Hyderabad,wickets,8,144,20,N,NA,BNJ Oxenford,UV Gandhe
1359489,Bengaluru,2023-04-10,League,N Pooran,"M Chinnaswamy Stadium, Bengaluru",Royal Challengers Bangalore,Lucknow Super Giants,Lucknow Super Giants,field,Lucknow Super Giants,wickets,1,213,20,N,NA,AK Chaudhary,A Nand Kishore
1359490,Delhi,2023-04-11,League,RG Sharma,"Arun Jaitley Stadium, Delhi",Delhi Capitals,Mumbai Indians,Mumbai Indians,field,Mumbai Indians,wickets,6,173,20,N,NA,MA Gough,R Pandit
1359491,Chennai,2023-04-12,League,R Ashwin,"MA Chidambaram Stadium, Chepauk, Chennai",Rajasthan Royals,Chennai Super Kings,Chennai Super Kings,field,Rajasthan Royals,runs,3,176,20,N,NA,Vinod Seshan,VK Sharma
1359492,Chandigarh,2023-04-13,League,MM Sharma,"Punjab Cricket Association IS Bindra Stadium, Mohali, Chandigarh",Punjab Kings,Gujarat Titans,Gujarat Titans,field,Gujarat Titans,wickets,6,154,20,N,NA,A Totre,J Madanagopal
1359493,Kolkata,2023-04-14,League,HC Brook,"Eden Gardens, Kolkata",Sunrisers Hyderabad,Kolkata Knight Riders,Kolkata Knight Riders,field,Sunrisers Hyderabad,runs,23,229,20,N,NA,CB Gaffaney,GR Sadashiv Iyer
1359494,Bengaluru,2023-04-15,League,V Kohli,"M Chinnaswamy Stadium, Bengaluru",Royal Challengers Bangalore,Delhi Capitals,Delhi Capitals,field,Royal Challengers Bangalore,runs,23,175,20,N,NA,KN Ananthapadmanabhan,MV Saidharshan Kumar
1359495,Lucknow,2023-04-15,League,Sikandar Raza,"Bharat Ratna Shri Atal Bihari Vajpayee Ekana Cricket Stadium, Lucknow",Lucknow Super Giants,Punjab Kings,Punjab Kings,field,Punjab Kings,wickets,2,160,20,N,NA,HAS Khalid,VK Sharma
1359496,Mumbai,2023-04-16,League,VR Iyer,"Wankhede Stadium, Mumbai",Kolkata Knight Riders,Mumbai Indians,Mumbai Indians,field,Mumbai Indians,wickets,5,186,20,N,NA,BNJ Oxenford,UV Gandhe
1359497,Ahmedabad,2023-04-16,League,SO Hetmyer,"Narendra Modi Stadium, Ahmedabad",Gujarat Titans,Rajasthan Royals,Rajasthan Royals,field,Rajasthan Royals,wickets,3,178,20,N,NA,AK Chaudhary,CB Gaffaney
1359498,Bengaluru,2023-04-17,League,DP Conway,"M Chinnaswamy Stadium, Bengaluru",Chennai Super Kings,Royal Challengers Bangalore,Royal Challengers Bangalore,field,Chennai Super Kings,runs,8,227,20,N,NA,KN Ananthapadmanabhan,Navdeep Singh
1359499,Hyderabad,2023-04-18,League,C Green,"Rajiv Gandhi International Stadium, Uppal, Hyderabad",Mumbai Indians,Sunrisers Hyderabad,Sunrisers Hyderabad,field,Mumbai Indians,runs,14,193,20,N,NA,Nitin Menon,Vinod Seshan
1359500,Jaipur,2023-04-19,League,MP Stoinis,"Sawai Mansingh Stadium, Jaipur",Lucknow Super Giants,Rajasthan Royals,Rajasthan Royals,field,Lucknow Super Giants,runs,10,155,20,N,NA,J Madanagopal,YC Barde
1359501,Chandigarh,2023-04-20,League,Mohammed Siraj,"Punjab Cricket Association IS Bindra Stadium, Mohali, Chandigarh",Royal Challengers Bangalore,Punjab Kings,Punjab Kings,field,Royal Challengers Bangalore,runs,24,175,20,N,NA,AK Chaudhary,GR Sadashiv Iyer
1359502,Delhi,2023-04-20,League,I Sharma,"Arun Jaitley Stadium, Delhi",Kolkata Knight Riders,Delhi Capitals,Delhi Capitals,field,Delhi Capitals,wickets,4,128,20,N,NA,MA Gough,R Pandit
1359503,Chennai,2023-04-21,League,RA Jadeja,"MA Chidambaram Stadium, Chepauk, Chennai",Sunrisers Hyderabad,Chennai Super Kings,Chennai Super Kings,field,Chennai Super Kings,wickets,7,135,20,N,NA,HAS Khalid,VK Sharma
1359504,Lucknow,2023-04-22,League,MM Sharma,"Bharat Ratna Shri Atal Bihari Vajpayee Ekana Cricket Stadium, Lucknow",Gujarat Titans,Lucknow Super Giants,Gujarat Titans,bat,Gujarat Titans,runs,7,136,20,N,NA,A Totre,RJ Tucker
1359505,Mumbai,2023-04-22,League,SM Curran,"Wankhede Stadium, Mumbai",Punjab Kings,Mumbai Indians,Mumbai Indians,field,Punjab Kings,runs,13,215,20,N,NA,CB Gaffaney,GR Sadashiv Iyer
1359506,Bengaluru,2023-04-23,League,GJ Maxwell,"M Chinnaswamy Stadium, Bengaluru",Royal Challengers Bangalore,Rajasthan Royals,Rajasthan Royals,field,Royal Challengers Bangalore,runs,7,190,20,N,NA,MA Gough,MV Saidharshan Kumar
1359507,Kolkata,2023-04-23,League,AM Rahane,"Eden Gardens, Kolkata",Chennai Super Kings,Kolkata Knight Riders,Kolkata Knight Riders,field,Chennai Super Kings,runs,49,236,20,N,NA,Nitin Menon,Tapan Sharma
1359508,Hyderabad,2023-04-24,League,AR Patel,"Rajiv Gandhi International Stadium, Uppal, Hyderabad",Delhi Capitals,Sunrisers Hyderabad,Delhi Capitals,bat,Delhi Capitals,runs,7,145,20,N,NA,J Madanagopal,RJ Tucker
1359509,Ahmedabad,2023-04-25,League,A Manohar,"Narendra Modi Stadium, Ahmedabad",Gujarat Titans,Mumbai Indians,Mumbai Indians,field,Gujarat Titans,runs,55,208,20,N,NA,AK Chaudhary,A Nand Kishore
1359510,Bengaluru,2023-04-26,League,CV Varun,"M Chinnaswamy Stadium, Bengaluru",Kolkata Knight Riders,Royal Challengers Bangalore,Royal Challengers Bangalore,field,Kolkata Knight Riders,runs,21,201,20,N,NA,KN Ananthapadmanabhan,R Pandit
1359511,Jaipur,2023-04-27,League,YBK Jaiswal,"Sawai Mansingh Stadium, Jaipur",Rajasthan Royals,Chennai Super Kings,Rajasthan Royals,bat,Rajasthan Royals,runs,32,203,20,N,NA,A Totre,YC Barde
1359512,Chandigarh,2023-04-28,League,MP Stoinis,"Punjab Cricket Association IS Bindra Stadium, Mohali, Chandigarh",Lucknow Super Giants,Punjab Kings,Punjab Kings,field,Lucknow Super Giants,runs,56,258,20,N,NA,Nitin Menon,Vinod Seshan
1359513,Kolkata,2023-04-29,League,J Little,"Eden Gardens, Kolkata",Kolkata Knight Riders,Gujarat Titans,Gujarat Titans,field,Gujarat Titans,wickets,7,180,20,N,NA,NA Patwardhan,GR Sadashiv Iyer
1359514,Delhi,2023-04-29,League,MR Marsh,"Arun Jaitley Stadium, Delhi",Sunrisers Hyderabad,Delhi Capitals,Sunrisers Hyderabad,bat,Sunrisers Hyderabad,runs,9,198,20,N,NA,MA Gough,Navdeep Singh
1359515,Chennai,2023-04-30,League,DP Conway,"MA Chidambaram Stadium, Chepauk, Chennai",Chennai Super Kings,Punjab Kings,Chennai Super Kings,bat,Punjab Kings,wickets,4,201,20,N,NA,RJ Tucker,UV Gandhe
1359516,Mumbai,2023-04-30,League,YBK Jaiswal,"Wankhede Stadium, Mumbai",Rajasthan Royals,Mumbai Indians,Rajasthan Royals,bat,Mumbai Indians,wickets,6,213,20,N,NA,Vinod Seshan,VK Sharma
1359517,Lucknow,2023-05-01,League,F du Plessis,"Bharat Ratna Shri Atal Bihari Vajpayee Ekana Cricket Stadium, Lucknow",Royal Challengers Bangalore,Lucknow Super Giants,Royal Challengers Bangalore,bat,Royal Challengers Bangalore,runs,18,127,20,N,NA,AK Chaudhary,GR Sadashiv Iyer
1359518,Ahmedabad,2023-05-02,League,Mohammed Shami,"Narendra Modi Stadium, Ahmedabad",Delhi Capitals,Gujarat Titans,Delhi Capitals,bat,Delhi Capitals,runs,5,131,20,N,NA,MA Gough,R Pandit
1359519,Lucknow,2023-05-03,League,NA,"Bharat Ratna Shri Atal Bihari Vajpayee Ekana Cricket Stadium, Lucknow",Lucknow Super Giants,Chennai Super Kings,Chennai Super Kings,field,NA,no result,NA,NA,NA,N,NA,AK Chaudhary,NA Patwardhan
1359520,Chandigarh,2023-05-03,League,Ishan Kishan,"Punjab Cricket Association IS Bindra Stadium, Mohali, Chandigarh",Punjab Kings,Mumbai Indians,Mumbai Indians,field,Mumbai Indians,wickets,6,215,20,N,NA,J Madanagopal,RJ Tucker
1359521,Hyderabad,2023-05-04,League,CV Varun,"Rajiv Gandhi International Stadium, Uppal, Hyderabad",Kolkata Knight Riders,Sunrisers Hyderabad,Kolkata Knight Riders,bat,Kolkata Knight Riders,runs,5,172,20,N,NA,KN Ananthapadmanabhan,MA Gough
1359522,Jaipur,2023-05-05,League,Rashid Khan,"Sawai Mansingh Stadium, Jaipur",Rajasthan Royals,Gujarat Titans,Rajasthan Royals,bat,Gujarat Titans,wickets,9,119,20,N,NA,HAS Khalid,VK Sharma
1359523,Chennai,2023-05-06,League,M Pathirana,"MA Chidambaram Stadium, Chepauk, Chennai",Mumbai Indians,Chennai Super Kings,Chennai Super Kings,field,Chennai Super Kings,wickets,6,140,20,N,NA,BNJ Oxenford,Navdeep Singh
1359524,Delhi,2023-05-06,League,PD Salt,"Arun Jaitley Stadium, Delhi",Royal Challengers Bangalore,Delhi Capitals,Royal Challengers Bangalore,bat,Delhi Capitals,wickets,7,182,20,N,NA,RJ Tucker,YC Barde
1359525,Ahmedabad,2023-05-07,League,Shubman Gill,"Narendra Modi Stadium, Ahmedabad",Gujarat Titans,Lucknow Super Giants,Lucknow Super Giants,field,Gujarat Titans,runs,56,228,20,N,NA,AK Chaudhary,A Nand Kishore
1359526,Jaipur,2023-05-07,League,GD Phillips,"Sawai Mansingh Stadium, Jaipur",Rajasthan Royals,Sunrisers Hyderabad,Rajasthan Royals,bat,Sunrisers Hyderabad,wickets,4,215,20,N,NA,Nitin Menon,Vinod Seshan
1359527,Kolkata,2023-05-08,League,AD Russell,"Eden Gardens, Kolkata",Punjab Kings,Kolkata Knight Riders,Punjab Kings,bat,Kolkata Knight Riders,wickets,5,180,20,N,NA,A Totre,J Madanagopal
1359528,Mumbai,2023-05-09,League,SA Yadav,"Wankhede Stadium, Mumbai",Royal Challengers Bangalore,Mumbai Indians,Mumbai Indians,field,Mumbai Indians,wickets,6,200,20,N,NA,HAS Khalid,VK Sharma
1359529,Chennai,2023-05-10,League,RA Jadeja,"MA Chidambaram Stadium, Chepauk, Chennai",Chennai Super Kings,Delhi Capitals,Chennai Super Kings,bat,Chennai Super Kings,runs,27,168,20,N,NA,CB Gaffaney,NA Patwardhan
1359530,Kolkata,2023-05-11,League,YBK Jaiswal,"Eden Gardens, Kolkata",Kolkata Knight Riders,Rajasthan Royals,Rajasthan Royals,field,Rajasthan Royals,wickets,9,150,20,N,NA,RJ Tucker,MV Saidharshan Kumar
1359531,Mumbai,2023-05-12,League,SA Yadav,"Wankhede Stadium, Mumbai",Mumbai Indians,Gujarat Titans,Gujarat Titans,field,Mumbai Indians,runs,27,219,20,N,NA,Nitin Menon,Tapan Sharma
1359532,Hyderabad,2023-05-13,League,PN Mankad,"Rajiv Gandhi International Stadium, Uppal, Hyderabad",Sunrisers Hyderabad,Lucknow Super Giants,Sunrisers Hyderabad,bat,Lucknow Super Giants,wickets,7,183,20,N,NA,A Totre,J Madanagopal
1359533,Delhi,2023-05-13,League,P Simran Singh,"Arun Jaitley Stadium, Delhi",Punjab Kings,Delhi Capitals,Delhi Capitals,field,Punjab Kings,runs,31,168,20,N,NA,CB Gaffaney,NA Patwardhan
1359534,Jaipur,2023-05-14,League,WD Parnell,"Sawai Mansingh Stadium, Jaipur",Royal Challengers Bangalore,Rajasthan Royals,Royal Challengers Bangalore,bat,Royal Challengers Bangalore,runs,112,172,20,N,NA,KN Ananthapadmanabhan,Navdeep Singh
1359535,Chennai,2023-05-14,League,RK Singh,"MA Chidambaram Stadium, Chepauk, Chennai",Chennai Super Kings,Kolkata Knight Riders,Chennai Super Kings,bat,Kolkata Knight Riders,wickets,6,145,20,N,NA,Tapan Sharma,Vinod Seshan
1359536,Ahmedabad,2023-05-15,League,Shubman Gill,"Narendra Modi Stadium, Ahmedabad",Gujarat Titans,Sunrisers Hyderabad,Sunrisers Hyderabad,field,Gujarat Titans,runs,34,189,20,N,NA,J Madanagopal,UV Gandhe
1359537,Lucknow,2023-05-16,League,MP Stoinis,"Bharat Ratna Shri Atal Bihari Vajpayee Ekana Cricket Stadium, Lucknow",Lucknow Super Giants,Mumbai Indians,Mumbai Indians,field,Lucknow Super Giants,runs,5,178,20,N,NA,AK Chaudhary,A Nand Kishore
1359538,Dharamsala,2023-05-17,League,RR Rossouw,"Himachal Pradesh Cricket Association Stadium, Dharamsala",Delhi Capitals,Punjab Kings,Punjab Kings,field,Delhi Capitals,runs,15,214,20,N,NA,KN Ananthapadmanabhan,MV Saidharshan Kumar
1359539,Hyderabad,2023-05-18,League,V Kohli,"Rajiv Gandhi International Stadium, Uppal, Hyderabad",Sunrisers Hyderabad,Royal Challengers Bangalore,Royal Challengers Bangalore,field,Royal Challengers Bangalore,wickets,8,187,20,N,NA,BNJ Oxenford,VK Sharma
1359540,Dharamsala,2023-05-19,League,D Padikkal,"Himachal Pradesh Cricket Association Stadium, Dharamsala",Punjab Kings,Rajasthan Royals,Rajasthan Royals,field,Rajasthan Royals,wickets,4,188,20,N,NA,A Nand Kishore,RJ Tucker
1359541,Delhi,2023-05-20,League,RD Gaikwad,"Arun Jaitley Stadium, Delhi",Chennai Super Kings,Delhi Capitals,Chennai Super Kings,bat,Chennai Super Kings,runs,77,224,20,N,NA,CB Gaffaney,NA Patwardhan
1359542,Kolkata,2023-05-20,League,N Pooran,"Eden Gardens, Kolkata",Lucknow Super Giants,Kolkata Knight Riders,Kolkata Knight Riders,field,Lucknow Super Giants,runs,1,177,20,N,NA,J Madanagopal,UV Gandhe
1359543,Mumbai,2023-05-21,League,C Green,"Wankhede Stadium, Mumbai",Sunrisers Hyderabad,Mumbai Indians,Mumbai Indians,field,Mumbai Indians,wickets,8,201,20,N,NA,KN Ananthapadmanabhan,RJ Tucker
1359544,Bengaluru,2023-05-21,League,Shubman Gill,"M Chinnaswamy Stadium, Bengaluru",Royal Challengers Bangalore,Gujarat Titans,Gujarat Titans,field,Gujarat Titans,wickets,6,198,20,N,NA,Nitin Menon,VK Sharma
1370350,Chennai,2023-05-23,Qualifier 1,RD Gaikwad,"MA Chidambaram Stadium, Chepauk, Chennai",Chennai Super Kings,Gujarat Titans,Gujarat Titans,field,Chennai Super Kings,runs,15,173,20,N,NA,AK Chaudhary,CB Gaffaney
1370351,Chennai,2023-05-24,Eliminator,Akash Madhwal,"MA Chidambaram Stadium, Chepauk, Chennai",Mumbai Indians,Lucknow Super Giants,Mumbai Indians,bat,Mumbai Indians,runs,81,183,20,N,NA,BNJ Oxenford,VK Sharma
1370352,Ahmedabad,2023-05-26,Qualifier 2,Shubman Gill,"Narendra Modi Stadium, Ahmedabad",Gujarat Titans,Mumbai Indians,Mumbai Indians,field,Gujarat Titans,runs,62,234,20,N,NA,Nitin Menon,RJ Tucker
1370353,Ahmedabad,2023-05-29,Final,DP Conway,"Narendra Modi Stadium, Ahmedabad",Gujarat Titans,Chennai Super Kings,Chennai Super Kings,field,Chennai Super Kings,wickets,5,171,15,N,D/L,Nitin Menon,RJ Tucker
