335982,Bangalore,2008-04-18,League,BB McCullum,M Chinnaswamy Stadium,Royal Challengers Bangalore,Kolkata Knight Riders,Royal Challengers Bangalore,field,Kolkata Knight Riders,runs,140,223,20,N,NA,Asad Rauf,RE Koertzen
335983,Chandigarh,2008-04-19,League,MEK Hussey,"Punjab Cricket Association Stadium, Mohali",Kings XI Punjab,Chennai Super Kings,Chennai Super Kings,bat,Chennai Super Kings,runs,33,241,20,N,NA,MR Benson,SL Shastri
335984,Delhi,2008-04-19,League,MF Maharoof,Feroz Shah Kotla,Delhi Daredevils,Rajasthan Royals,Rajasthan Royals,bat,Delhi Daredevils,wickets,9,130,20,N,NA,Aleem Dar,GA Pratapkumar
335985,Mumbai,2008-04-20,League,MV Boucher,Wankhede Stadium,Mumbai Indians,Royal Challengers Bangalore,Mumbai Indians,bat,Royal Challengers Bangalore,wickets,5,166,20,N,NA,SJ Davis,DJ Harper
335986,Kolkata,2008-04-20,League,DJ Hussey,Eden Gardens,Kolkata Knight Riders,Deccan Chargers,Deccan Chargers,bat,Kolkata Knight Riders,wickets,5,111,20,N,NA,BF Bowden,K Hariharan
335987,Jaipur,2008-04-21,League,SR Watson,Sawai Mansingh Stadium,Rajasthan Royals,Kings XI Punjab,Kings XI Punjab,bat,Rajasthan Royals,wickets,6,167,20,N,NA,Aleem Dar,RB Tiffin
335988,Hyderabad,2008-04-22,League,V Sehwag,"Rajiv Gandhi International Stadium, Uppal",Deccan Chargers,Delhi Daredevils,Deccan Chargers,bat,Delhi Daredevils,wickets,9,143,20,N,NA,IL Howell,AM Saheba
335989,Chennai,2008-04-23,League,ML Hayden,"MA Chidambaram Stadium, Chepauk",Chennai Super Kings,Mumbai Indians,Mumbai Indians,field,Chennai Super Kings,runs,6,209,20,N,NA,DJ Harper,GA Pratapkumar
335990,Hyderabad,2008-04-24,League,YK Pathan,"Rajiv Gandhi International Stadium, Uppal",Deccan Chargers,Rajasthan Royals,Rajasthan Royals,field,Rajasthan Royals,wickets,3,215,20,N,NA,Asad Rauf,MR Benson
335991,Chandigarh,2008-04-25,League,KC Sangakkara,"Punjab Cricket Association Stadium, Mohali",Kings XI Punjab,Mumbai Indians,Mumbai Indians,field,Kings XI Punjab,runs,66,183,20,N,NA,Aleem Dar,AM Saheba
335992,Bangalore,2008-04-26,League,SR Watson,M Chinnaswamy Stadium,Royal Challengers Bangalore,Rajasthan Royals,Rajasthan Royals,field,Rajasthan Royals,wickets,7,136,20,N,NA,MR Benson,IL Howell
335993,Chennai,2008-04-26,League,JDP Oram,"MA Chidambaram Stadium, Chepauk",Chennai Super Kings,Kolkata Knight Riders,Kolkata Knight Riders,bat,Chennai Super Kings,wickets,9,148,20,N,NA,BF Bowden,AV Jayaprakash
335994,Mumbai,2008-04-27,League,AC Gilchrist,Dr DY Patil Sports Academy,Mumbai Indians,Deccan Chargers,Deccan Chargers,field,Deccan Chargers,wickets,10,155,20,N,NA,Asad Rauf,SL Shastri
335995,Chandigarh,2008-04-27,League,SM Katich,"Punjab Cricket Association Stadium, Mohali",Kings XI Punjab,Delhi Daredevils,Delhi Daredevils,bat,Kings XI Punjab,wickets,4,159,20,N,NA,RE Koertzen,I Shivram
335996,Bangalore,2008-04-28,League,MS Dhoni,M Chinnaswamy Stadium,Royal Challengers Bangalore,Chennai Super Kings,Chennai Super Kings,bat,Chennai Super Kings,runs,13,179,20,N,NA,BR Doctrove,RB Tiffin
335997,Kolkata,2008-04-29,League,ST Jayasuriya,Eden Gardens,Kolkata Knight Riders,Mumbai Indians,Kolkata Knight Riders,bat,Mumbai Indians,wickets,7,138,20,N,NA,BF Bowden,AV Jayaprakash
335998,Delhi,2008-04-30,League,GD McGrath,Feroz Shah Kotla,Delhi Daredevils,Royal Challengers Bangalore,Royal Challengers Bangalore,field,Delhi Daredevils,runs,10,192,20,N,NA,Aleem Dar,I Shivram
335999,Hyderabad,2008-05-01,League,SE Marsh,"Rajiv Gandhi International Stadium, Uppal",Deccan Chargers,Kings XI Punjab,Kings XI Punjab,field,Kings XI Punjab,wickets,7,165,20,N,NA,BR Doctrove,RB Tiffin
336000,Jaipur,2008-05-01,League,SA Asnodkar,Sawai Mansingh Stadium,Rajasthan Royals,Kolkata Knight Riders,Rajasthan Royals,bat,Rajasthan Royals,runs,45,197,20,N,NA,RE Koertzen,GA Pratapkumar
336001,Chennai,2008-05-02,League,V Sehwag,"MA Chidambaram Stadium, Chepauk",Chennai Super Kings,Delhi Daredevils,Chennai Super Kings,bat,Delhi Daredevils,wickets,8,170,20,N,NA,BF Bowden,K Hariharan
336003,Chandigarh,2008-05-03,League,IK Pathan,"Punjab Cricket Association Stadium, Mohali",Kings XI Punjab,Kolkata Knight Riders,Kings XI Punjab,bat,Kings XI Punjab,runs,9,179,20,N,NA,DJ Harper,I Shivram
336034,Bangalore,2008-05-03,League,P Kumar,M Chinnaswamy Stadium,Royal Challengers Bangalore,Deccan Chargers,Deccan Chargers,field,Royal Challengers Bangalore,runs,3,157,20,N,NA,BR Doctrove,SL Shastri
336004,Mumbai,2008-05-04,League,SM Pollock,Dr DY Patil Sports Academy,Mumbai Indians,Delhi Daredevils,Delhi Daredevils,field,Mumbai Indians,runs,29,163,20,N,NA,IL Howell,RE Koertzen
336005,Jaipur,2008-05-04,League,Sohail Tanvir,Sawai Mansingh Stadium,Rajasthan Royals,Chennai Super Kings,Chennai Super Kings,bat,Rajasthan Royals,wickets,8,110,20,N,NA,Asad Rauf,AV Jayaprakash
336006,Bangalore,2008-05-05,League,S Sreesanth,M Chinnaswamy Stadium,Royal Challengers Bangalore,Kings XI Punjab,Kings XI Punjab,field,Kings XI Punjab,wickets,6,127,20,N,NA,SJ Davis,BR Doctrove
336007,Chennai,2008-05-06,League,AC Gilchrist,"MA Chidambaram Stadium, Chepauk",Chennai Super Kings,Deccan Chargers,Deccan Chargers,field,Deccan Chargers,wickets,7,145,20,N,NA,MR Benson,RB Tiffin
336008,Mumbai,2008-05-07,League,A Nehra,Dr DY Patil Sports Academy,Mumbai Indians,Rajasthan Royals,Mumbai Indians,field,Mumbai Indians,wickets,7,104,20,N,NA,DJ Harper,RE Koertzen
336009,Delhi,2008-05-08,League,MS Dhoni,Feroz Shah Kotla,Delhi Daredevils,Chennai Super Kings,Chennai Super Kings,field,Chennai Super Kings,wickets,4,188,20,N,NA,Aleem Dar,RB Tiffin
336010,Kolkata,2008-05-08,League,SC Ganguly,Eden Gardens,Kolkata Knight Riders,Royal Challengers Bangalore,Kolkata Knight Riders,bat,Kolkata Knight Riders,runs,5,130,16,N,NA,Asad Rauf,IL Howell
336011,Jaipur,2008-05-09,League,YK Pathan,Sawai Mansingh Stadium,Rajasthan Royals,Deccan Chargers,Rajasthan Royals,field,Rajasthan Royals,wickets,8,141,20,N,NA,MR Benson,AM Saheba
336013,Chennai,2008-05-10,League,L Balaji,"MA Chidambaram Stadium, Chepauk",Chennai Super Kings,Kings XI Punjab,Kings XI Punjab,field,Chennai Super Kings,runs,18,182,20,N,NA,AV Jayaprakash,BG Jerling
336014,Hyderabad,2008-05-11,League,SC Ganguly,"Rajiv Gandhi International Stadium, Uppal",Deccan Chargers,Kolkata Knight Riders,Kolkata Knight Riders,bat,Kolkata Knight Riders,runs,23,205,20,N,NA,IL Howell,AM Saheba
336015,Jaipur,2008-05-11,League,SR Watson,Sawai Mansingh Stadium,Rajasthan Royals,Delhi Daredevils,Rajasthan Royals,field,Rajasthan Royals,wickets,3,157,20,N,NA,SJ Davis,RE Koertzen
336016,Chandigarh,2008-05-12,League,SE Marsh,"Punjab Cricket Association Stadium, Mohali",Kings XI Punjab,Royal Challengers Bangalore,Royal Challengers Bangalore,bat,Kings XI Punjab,wickets,9,144,20,N,NA,BR Doctrove,I Shivram
336017,Kolkata,2008-05-13,League,Shoaib Akhtar,Eden Gardens,Kolkata Knight Riders,Delhi Daredevils,Kolkata Knight Riders,bat,Kolkata Knight Riders,runs,23,134,20,N,NA,Asad Rauf,IL Howell
336018,Mumbai,2008-05-14,League,ST Jayasuriya,Wankhede Stadium,Mumbai Indians,Chennai Super Kings,Mumbai Indians,field,Mumbai Indians,wickets,9,157,20,N,NA,BR Doctrove,AM Saheba
336020,Delhi,2008-05-15,League,A Mishra,Feroz Shah Kotla,Delhi Daredevils,Deccan Chargers,Deccan Chargers,field,Delhi Daredevils,runs,12,195,20,N,NA,BG Jerling,GA Pratapkumar
336021,Mumbai,2008-05-16,League,SM Pollock,Wankhede Stadium,Mumbai Indians,Kolkata Knight Riders,Mumbai Indians,field,Mumbai Indians,wickets,8,68,20,N,NA,BR Doctrove,DJ Harper
336022,Delhi,2008-05-17,League,DPMD Jayawardene,Feroz Shah Kotla,Delhi Daredevils,Kings XI Punjab,Delhi Daredevils,bat,Kings XI Punjab,runs,6,89,8,N,D/L,AV Jayaprakash,RE Koertzen
336023,Jaipur,2008-05-17,League,GC Smith,Sawai Mansingh Stadium,Rajasthan Royals,Royal Challengers Bangalore,Royal Challengers Bangalore,field,Rajasthan Royals,runs,65,198,20,N,NA,BF Bowden,SL Shastri
336024,Hyderabad,2008-05-18,League,DJ Bravo,"Rajiv Gandhi International Stadium, Uppal",Deccan Chargers,Mumbai Indians,Deccan Chargers,field,Mumbai Indians,runs,25,179,20,N,NA,BR Doctrove,DJ Harper
336025,Kolkata,2008-05-18,League,M Ntini,Eden Gardens,Kolkata Knight Riders,Chennai Super Kings,Kolkata Knight Riders,bat,Chennai Super Kings,runs,3,53,8,N,D/L,Asad Rauf,K Hariharan
336026,Bangalore,2008-05-19,League,SP Goswami,M Chinnaswamy Stadium,Royal Challengers Bangalore,Delhi Daredevils,Delhi Daredevils,field,Delhi Daredevils,wickets,5,155,20,N,NA,SJ Davis,GA Pratapkumar
336027,Kolkata,2008-05-20,League,YK Pathan,Eden Gardens,Kolkata Knight Riders,Rajasthan Royals,Rajasthan Royals,field,Rajasthan Royals,wickets,6,148,20,N,NA,BG Jerling,RE Koertzen
336028,Mumbai,2008-05-21,League,SE Marsh,Wankhede Stadium,Mumbai Indians,Kings XI Punjab,Mumbai Indians,field,Kings XI Punjab,runs,1,190,20,N,NA,BF Bowden,GA Pratapkumar
336029,Chennai,2008-05-21,League,A Kumble,"MA Chidambaram Stadium, Chepauk",Chennai Super Kings,Royal Challengers Bangalore,Royal Challengers Bangalore,bat,Royal Challengers Bangalore,runs,14,127,20,N,NA,DJ Harper,I Shivram
336031,Chandigarh,2008-05-23,League,SE Marsh,"Punjab Cricket Association Stadium, Mohali",Kings XI Punjab,Deccan Chargers,Kings XI Punjab,field,Kings XI Punjab,wickets,6,176,20,N,NA,Asad Rauf,SJ Davis
336032,Delhi,2008-05-24,League,KD Karthik,Feroz Shah Kotla,Delhi Daredevils,Mumbai Indians,Delhi Daredevils,field,Delhi Daredevils,wickets,5,177,20,N,NA,BF Bowden,K Hariharan
336033,Chennai,2008-05-24,League,JA Morkel,"MA Chidambaram Stadium, Chepauk",Chennai Super Kings,Rajasthan Royals,Rajasthan Royals,bat,Rajasthan Royals,runs,10,212,20,N,NA,DJ Harper,SL Shastri
336002,Hyderabad,2008-05-25,League,R Vinay Kumar,"Rajiv Gandhi International Stadium, Uppal",Deccan Chargers,Royal Challengers Bangalore,Deccan Chargers,bat,Royal Challengers Bangalore,wickets,5,166,20,N,NA,Asad Rauf,RE Koertzen
336035,Kolkata,2008-05-25,League,Umar Gul,Eden Gardens,Kolkata Knight Riders,Kings XI Punjab,Kings XI Punjab,bat,Kolkata Knight Riders,wickets,3,175,20,N,NA,SJ Davis,I Shivram
336036,Jaipur,2008-05-26,League,Sohail Tanvir,Sawai Mansingh Stadium,Rajasthan Royals,Mumbai Indians,Rajasthan Royals,field,Rajasthan Royals,wickets,5,146,20,N,NA,BF Bowden,K Hariharan
336037,Hyderabad,2008-05-27,League,SK Raina,"Rajiv Gandhi International Stadium, Uppal",Deccan Chargers,Chennai Super Kings,Deccan Chargers,bat,Chennai Super Kings,wickets,7,148,20,N,NA,BG Jerling,AM Saheba
336012,Bangalore,2008-05-28,League,CRD Fernando,M Chinnaswamy Stadium,Royal Challengers Bangalore,Mumbai Indians,Mumbai Indians,field,Mumbai Indians,wickets,9,123,18,N,NA,BF Bowden,AV Jayaprakash
336019,Chandigarh,2008-05-28,League,SE Marsh,"Punjab Cricket Association Stadium, Mohali",Kings XI Punjab,Rajasthan Royals,Rajasthan Royals,field,Kings XI Punjab,runs,41,222,20,N,NA,SJ Davis,K Hariharan
336038,Mumbai,2008-05-30,Semi Final,SR Watson,Wankhede Stadium,Delhi Daredevils,Rajasthan Royals,Delhi Daredevils,field,Rajasthan Royals,runs,105,193,20,N,NA,BF Bowden,RE Koertzen
336039,Mumbai,2008-05-31,Semi Final,M Ntini,Wankhede Stadium,Chennai Super Kings,Kings XI Punjab,Kings XI Punjab,bat,Chennai Super Kings,wickets,9,113,20,N,NA,Asad Rauf,DJ Harper
336040,Mumbai,2008-06-01,Final,YK Pathan,Dr DY Patil Sports Academy,Chennai Super Kings,Rajasthan Royals,Rajasthan Royals,field,Rajasthan Royals,wickets,3,164,20,N,NA,BF Bowden,RE Koertzen
