1254058,Chennai,2021-04-09,League,HV Patel,"MA Chidambaram Stadium, Chepauk, Chennai",Mumbai Indians,Royal Challengers Bangalore,Royal Challengers Bangalore,field,Royal Challengers Bangalore,wickets,2,160,20,N,NA,KN Ananthapadmanabhan,Nitin Menon
1254059,Mumbai,2021-04-10,League,S Dhawan,"Wankhede Stadium, Mumbai",Chennai Super Kings,Delhi Capitals,Delhi Capitals,field,Delhi Capitals,wickets,7,189,20,N,NA,AK Chaudhary,VK Sharma
1254060,Chennai,2021-04-11,League,N Rana,"MA Chidambaram Stadium, Chepauk, Chennai",Kolkata Knight Riders,Sunrisers Hyderabad,Sunrisers Hyderabad,field,Kolkata Knight Riders,runs,10,188,20,N,NA,KN Ananthapadmanabhan,Nitin Menon
1254061,Mumbai,2021-04-12,League,SV Samson,"Wankhede Stadium, Mumbai",Punjab Kings,Rajasthan Royals,Rajasthan Royals,field,Punjab Kings,runs,4,222,20,N,NA,AK Chaudhary,S Ravi
1254062,Chennai,2021-04-13,League,RD Chahar,"MA Chidambaram Stadium, Chepauk, Chennai",Mumbai Indians,Kolkata Knight Riders,Kolkata Knight Riders,field,Mumbai Indians,runs,10,153,20,N,NA,C Shamshuddin,CB Gaffaney
1254063,Chennai,2021-04-14,League,GJ Maxwell,"MA Chidambaram Stadium, Chepauk, Chennai",Royal Challengers Bangalore,Sunrisers Hyderabad,Sunrisers Hyderabad,field,Royal Challengers Bangalore,runs,6,150,20,N,NA,Nitin Menon,UV Gandhe
1254064,Mumbai,2021-04-15,League,JD Unadkat,"Wankhede Stadium, Mumbai",Delhi Capitals,Rajasthan Royals,Rajasthan Royals,field,Rajasthan Royals,wickets,3,148,20,N,NA,S Ravi,VK Sharma
1254065,Mumbai,2021-04-16,League,DL Chahar,"Wankhede Stadium, Mumbai",Punjab Kings,Chennai Super Kings,Chennai Super Kings,field,Chennai Super Kings,wickets,6,107,20,N,NA,AK Chaudhary,AY Dandekar
1254066,Chennai,2021-04-17,League,KA Pollard,"MA Chidambaram Stadium, Chepauk, Chennai",Mumbai Indians,Sunrisers Hyderabad,Mumbai Indians,bat,Mumbai Indians,runs,13,151,20,N,NA,CB Gaffaney,K Srinivasan
1254067,Chennai,2021-04-18,League,AB de Villiers,"MA Chidambaram Stadium, Chepauk, Chennai",Royal Challengers Bangalore,Kolkata Knight Riders,Royal Challengers Bangalore,bat,Royal Challengers Bangalore,runs,38,205,20,N,NA,C Shamshuddin,Nitin Menon
1254068,Mumbai,2021-04-18,League,S Dhawan,"Wankhede Stadium, Mumbai",Punjab Kings,Delhi Capitals,Delhi Capitals,field,Delhi Capitals,wickets,6,196,20,N,NA,AK Chaudhary,PR Reiffel
1254069,Mumbai,2021-04-19,League,MM Ali,"Wankhede Stadium, Mumbai",Chennai Super Kings,Rajasthan Royals,Rajasthan Royals,field,Chennai Super Kings,runs,45,189,20,N,NA,PR Reiffel,VK Sharma
1254070,Chennai,2021-04-20,League,A Mishra,"MA Chidambaram Stadium, Chepauk, Chennai",Mumbai Indians,Delhi Capitals,Mumbai Indians,bat,Delhi Capitals,wickets,6,138,20,N,NA,C Shamshuddin,CB Gaffaney
1254071,Chennai,2021-04-21,League,JM Bairstow,"MA Chidambaram Stadium, Chepauk, Chennai",Punjab Kings,Sunrisers Hyderabad,Punjab Kings,bat,Sunrisers Hyderabad,wickets,9,121,20,N,NA,K Srinivasan,Nitin Menon
1254072,Mumbai,2021-04-21,League,F du Plessis,"Wankhede Stadium, Mumbai",Chennai Super Kings,Kolkata Knight Riders,Kolkata Knight Riders,field,Chennai Super Kings,runs,18,221,20,N,NA,AY Dandekar,PR Reiffel
1254073,Mumbai,2021-04-22,League,D Padikkal,"Wankhede Stadium, Mumbai",Rajasthan Royals,Royal Challengers Bangalore,Royal Challengers Bangalore,field,Royal Challengers Bangalore,wickets,10,178,20,N,NA,J Madanagopal,S Ravi
1254074,Chennai,2021-04-23,League,KL Rahul,"MA Chidambaram Stadium, Chepauk, Chennai",Mumbai Indians,Punjab Kings,Punjab Kings,field,Punjab Kings,wickets,9,132,20,N,NA,C Shamshuddin,Nitin Menon
1254075,Mumbai,2021-04-24,League,CH Morris,"Wankhede Stadium, Mumbai",Kolkata Knight Riders,Rajasthan Royals,Rajasthan Royals,field,Rajasthan Royals,wickets,6,134,20,N,NA,Navdeep Singh,S Ravi
1254076,Mumbai,2021-04-25,League,RA Jadeja,"Wankhede Stadium, Mumbai",Chennai Super Kings,Royal Challengers Bangalore,Chennai Super Kings,bat,Chennai Super Kings,runs,69,192,20,N,NA,AK Chaudhary,VK Sharma
1254077,Chennai,2021-04-25,League,PP Shaw,"MA Chidambaram Stadium, Chepauk, Chennai",Delhi Capitals,Sunrisers Hyderabad,Delhi Capitals,bat,Delhi Capitals,tie,NA,160,20,Y,NA,CB Gaffaney,KN Ananthapadmanabhan
1254078,Ahmedabad,2021-04-26,League,EJG Morgan,"Narendra Modi Stadium, Ahmedabad",Punjab Kings,Kolkata Knight Riders,Kolkata Knight Riders,field,Kolkata Knight Riders,wickets,5,124,20,N,NA,PR Reiffel,YC Barde
1254079,Ahmedabad,2021-04-27,League,AB de Villiers,"Narendra Modi Stadium, Ahmedabad",Royal Challengers Bangalore,Delhi Capitals,Delhi Capitals,field,Royal Challengers Bangalore,runs,1,172,20,N,NA,S Ravi,VK Sharma
1254080,Delhi,2021-04-28,League,RD Gaikwad,"Arun Jaitley Stadium, Delhi",Sunrisers Hyderabad,Chennai Super Kings,Sunrisers Hyderabad,bat,Chennai Super Kings,wickets,7,172,20,N,NA,C Shamshuddin,CK Nandan
1254081,Delhi,2021-04-29,League,Q de Kock,"Arun Jaitley Stadium, Delhi",Rajasthan Royals,Mumbai Indians,Mumbai Indians,field,Mumbai Indians,wickets,7,172,20,N,NA,CB Gaffaney,KN Ananthapadmanabhan
1254082,Ahmedabad,2021-04-29,League,PP Shaw,"Narendra Modi Stadium, Ahmedabad",Kolkata Knight Riders,Delhi Capitals,Delhi Capitals,field,Delhi Capitals,wickets,7,155,20,N,NA,AK Chaudhary,YC Barde
1254083,Ahmedabad,2021-04-30,League,Harpreet Brar,"Narendra Modi Stadium, Ahmedabad",Punjab Kings,Royal Challengers Bangalore,Royal Challengers Bangalore,field,Punjab Kings,runs,34,180,20,N,NA,S Ravi,VK Sharma
1254084,Delhi,2021-05-01,League,KA Pollard,"Arun Jaitley Stadium, Delhi",Chennai Super Kings,Mumbai Indians,Mumbai Indians,field,Mumbai Indians,wickets,4,219,20,N,NA,KN Ananthapadmanabhan,CK Nandan
1254085,Delhi,2021-05-02,League,JC Buttler,"Arun Jaitley Stadium, Delhi",Rajasthan Royals,Sunrisers Hyderabad,Sunrisers Hyderabad,field,Rajasthan Royals,runs,55,221,20,N,NA,C Shamshuddin,CB Gaffaney
1254086,Ahmedabad,2021-05-02,League,MA Agarwal,"Narendra Modi Stadium, Ahmedabad",Punjab Kings,Delhi Capitals,Delhi Capitals,field,Delhi Capitals,wickets,7,167,20,N,NA,AK Chaudhary,AY Dandekar
1254104,Dubai,2021-09-19,League,RD Gaikwad,Dubai International Cricket Stadium,Chennai Super Kings,Mumbai Indians,Chennai Super Kings,bat,Chennai Super Kings,runs,20,157,20,N,NA,Nitin Menon,RK Illingworth
1254087,Abu Dhabi,2021-09-20,League,CV Varun,"Zayed Cricket Stadium, Abu Dhabi",Royal Challengers Bangalore,Kolkata Knight Riders,Royal Challengers Bangalore,bat,Kolkata Knight Riders,wickets,9,93,20,N,NA,CB Gaffaney,S Ravi
1254111,Dubai,2021-09-21,League,Kartik Tyagi,Dubai International Cricket Stadium,Rajasthan Royals,Punjab Kings,Punjab Kings,field,Rajasthan Royals,runs,2,186,20,N,NA,AK Chaudhary,MA Gough
1254105,Dubai,2021-09-22,League,A Nortje,Dubai International Cricket Stadium,Sunrisers Hyderabad,Delhi Capitals,Sunrisers Hyderabad,bat,Delhi Capitals,wickets,8,135,20,N,NA,KN Ananthapadmanabhan,RK Illingworth
1254096,Abu Dhabi,2021-09-23,League,SP Narine,"Zayed Cricket Stadium, Abu Dhabi",Mumbai Indians,Kolkata Knight Riders,Kolkata Knight Riders,field,Kolkata Knight Riders,wickets,7,156,20,N,NA,S Ravi,VK Sharma
1254113,Sharjah,2021-09-24,League,DJ Bravo,Sharjah Cricket Stadium,Royal Challengers Bangalore,Chennai Super Kings,Chennai Super Kings,field,Chennai Super Kings,wickets,6,157,20,N,NA,AK Chaudhary,Nitin Menon
1254097,Abu Dhabi,2021-09-25,League,SS Iyer,"Zayed Cricket Stadium, Abu Dhabi",Delhi Capitals,Rajasthan Royals,Rajasthan Royals,field,Delhi Capitals,runs,33,155,20,N,NA,CB Gaffaney,UV Gandhe
1254107,Sharjah,2021-09-25,League,JO Holder,Sharjah Cricket Stadium,Punjab Kings,Sunrisers Hyderabad,Sunrisers Hyderabad,field,Punjab Kings,runs,5,126,20,N,NA,RK Illingworth,YC Barde
1254098,Abu Dhabi,2021-09-26,League,RA Jadeja,"Zayed Cricket Stadium, Abu Dhabi",Kolkata Knight Riders,Chennai Super Kings,Kolkata Knight Riders,bat,Chennai Super Kings,wickets,2,172,20,N,NA,CB Gaffaney,Tapan Sharma
1254108,Dubai,2021-09-26,League,GJ Maxwell,Dubai International Cricket Stadium,Royal Challengers Bangalore,Mumbai Indians,Mumbai Indians,field,Royal Challengers Bangalore,runs,54,166,20,N,NA,AK Chaudhary,MA Gough
1254100,Dubai,2021-09-27,League,JJ Roy,Dubai International Cricket Stadium,Rajasthan Royals,Sunrisers Hyderabad,Rajasthan Royals,bat,Sunrisers Hyderabad,wickets,7,165,20,N,NA,KN Ananthapadmanabhan,Navdeep Singh
1254092,Sharjah,2021-09-28,League,SP Narine,Sharjah Cricket Stadium,Delhi Capitals,Kolkata Knight Riders,Kolkata Knight Riders,field,Kolkata Knight Riders,wickets,3,128,20,N,NA,Nitin Menon,HAS Khalid
1254099,Abu Dhabi,2021-09-28,League,KA Pollard,"Zayed Cricket Stadium, Abu Dhabi",Punjab Kings,Mumbai Indians,Mumbai Indians,field,Mumbai Indians,wickets,6,136,20,N,NA,S Ravi,VK Sharma
1254103,Dubai,2021-09-29,League,YS Chahal,Dubai International Cricket Stadium,Rajasthan Royals,Royal Challengers Bangalore,Royal Challengers Bangalore,field,Royal Challengers Bangalore,wickets,7,150,20,N,NA,AY Dandekar,KN Ananthapadmanabhan
1254091,Sharjah,2021-09-30,League,JR Hazlewood,Sharjah Cricket Stadium,Sunrisers Hyderabad,Chennai Super Kings,Chennai Super Kings,field,Chennai Super Kings,wickets,6,135,20,N,NA,Nitin Menon,YC Barde
1254102,Dubai,2021-10-01,League,KL Rahul,Dubai International Cricket Stadium,Kolkata Knight Riders,Punjab Kings,Punjab Kings,field,Punjab Kings,wickets,5,166,20,N,NA,KN Ananthapadmanabhan,RK Illingworth
1254089,Abu Dhabi,2021-10-02,League,RD Gaikwad,"Zayed Cricket Stadium, Abu Dhabi",Chennai Super Kings,Rajasthan Royals,Rajasthan Royals,field,Rajasthan Royals,wickets,7,190,20,N,NA,CB Gaffaney,VK Sharma
1254112,Sharjah,2021-10-02,League,AR Patel,Sharjah Cricket Stadium,Mumbai Indians,Delhi Capitals,Delhi Capitals,field,Delhi Capitals,wickets,4,130,20,N,NA,AK Chaudhary,MA Gough
1254090,Sharjah,2021-10-03,League,GJ Maxwell,Sharjah Cricket Stadium,Royal Challengers Bangalore,Punjab Kings,Royal Challengers Bangalore,bat,Royal Challengers Bangalore,runs,6,165,20,N,NA,KN Ananthapadmanabhan,RK Illingworth
1254109,Dubai,2021-10-03,League,Shubman Gill,Dubai International Cricket Stadium,Sunrisers Hyderabad,Kolkata Knight Riders,Sunrisers Hyderabad,bat,Kolkata Knight Riders,wickets,6,116,20,N,NA,J Madanagopal,MA Gough
1254110,Dubai,2021-10-04,League,AR Patel,Dubai International Cricket Stadium,Chennai Super Kings,Delhi Capitals,Delhi Capitals,field,Delhi Capitals,wickets,3,137,20,N,NA,AK Chaudhary,Nitin Menon
1254093,Sharjah,2021-10-05,League,NM Coulter-Nile,Sharjah Cricket Stadium,Rajasthan Royals,Mumbai Indians,Mumbai Indians,field,Mumbai Indians,wickets,8,91,20,N,NA,AK Chaudhary,MA Gough
1254095,Abu Dhabi,2021-10-06,League,KS Williamson,"Zayed Cricket Stadium, Abu Dhabi",Sunrisers Hyderabad,Royal Challengers Bangalore,Royal Challengers Bangalore,field,Sunrisers Hyderabad,runs,4,142,20,N,NA,S Ravi,UV Gandhe
1254094,Dubai,2021-10-07,League,KL Rahul,Dubai International Cricket Stadium,Chennai Super Kings,Punjab Kings,Punjab Kings,field,Punjab Kings,wickets,6,135,20,N,NA,K Srinivasan,RK Illingworth
1254106,Sharjah,2021-10-07,League,Shivam Mavi,Sharjah Cricket Stadium,Kolkata Knight Riders,Rajasthan Royals,Rajasthan Royals,field,Kolkata Knight Riders,runs,86,172,20,N,NA,MA Gough,HAS Khalid
1254088,Abu Dhabi,2021-10-08,League,Ishan Kishan,"Zayed Cricket Stadium, Abu Dhabi",Mumbai Indians,Sunrisers Hyderabad,Mumbai Indians,bat,Mumbai Indians,runs,42,236,20,N,NA,Tapan Sharma,VK Sharma
1254101,Dubai,2021-10-08,League,KS Bharat,Dubai International Cricket Stadium,Delhi Capitals,Royal Challengers Bangalore,Royal Challengers Bangalore,field,Royal Challengers Bangalore,wickets,7,165,20,N,NA,KN Ananthapadmanabhan,Nitin Menon
1254114,Dubai,2021-10-10,Qualifier 1,RD Gaikwad,Dubai International Cricket Stadium,Delhi Capitals,Chennai Super Kings,Chennai Super Kings,field,Chennai Super Kings,wickets,4,173,20,N,NA,Nitin Menon,RK Illingworth
1254115,Sharjah,2021-10-11,Eliminator,SP Narine,Sharjah Cricket Stadium,Royal Challengers Bangalore,Kolkata Knight Riders,Royal Challengers Bangalore,bat,Kolkata Knight Riders,wickets,4,139,20,N,NA,CB Gaffaney,VK Sharma
1254116,Sharjah,2021-10-13,Qualifier 2,VR Iyer,Sharjah Cricket Stadium,Delhi Capitals,Kolkata Knight Riders,Kolkata Knight Riders,field,Kolkata Knight Riders,wickets,3,136,20,N,NA,KN Ananthapadmanabhan,MA Gough
1254117,Dubai,2021-10-15,Final,F du Plessis,Dubai International Cricket Stadium,Chennai Super Kings,Kolkata Knight Riders,Kolkata Knight Riders,field,Chennai Super Kings,runs,27,193,20,N,NA,Nitin Menon,RK Illingworth
