729279,Abu Dhabi,2014-04-16,League,JH Kallis,Sheikh Zayed Stadium,Mumbai Indians,Kolkata Knight Riders,Kolkata Knight Riders,bat,Kolkata Knight Riders,runs,41,164,20,N,NA,M Erasmus,RK Illingworth
729281,NA,2014-04-17,League,YS Chahal,Sharjah Cricket Stadium,Delhi Daredevils,Royal Challengers Bangalore,Royal Challengers Bangalore,field,Royal Challengers Bangalore,wickets,8,146,20,N,NA,Aleem Dar,S Ravi
729283,Abu Dhabi,2014-04-18,League,GJ Maxwell,Sheikh Zayed Stadium,Chennai Super Kings,Kings XI Punjab,Chennai Super Kings,bat,Kings XI Punjab,wickets,6,206,20,N,NA,RK Illingworth,C Shamshuddin
729285,Abu Dhabi,2014-04-18,League,AM Rahane,Sheikh Zayed Stadium,Sunrisers Hyderabad,Rajasthan Royals,Rajasthan Royals,field,Rajasthan Royals,wickets,4,134,20,N,NA,BF Bowden,RK Illingworth
729287,NA,2014-04-19,League,PA Patel,Dubai International Cricket Stadium,Royal Challengers Bangalore,Mumbai Indians,Royal Challengers Bangalore,field,Royal Challengers Bangalore,wickets,7,116,20,N,NA,Aleem Dar,AK Chaudhary
729289,NA,2014-04-19,League,JP Duminy,Dubai International Cricket Stadium,Kolkata Knight Riders,Delhi Daredevils,Kolkata Knight Riders,bat,Delhi Daredevils,wickets,4,167,20,N,NA,Aleem Dar,VA Kulkarni
729291,NA,2014-04-20,League,GJ Maxwell,Sharjah Cricket Stadium,Rajasthan Royals,Kings XI Punjab,Kings XI Punjab,field,Kings XI Punjab,wickets,7,192,20,N,NA,BF Bowden,M Erasmus
729293,Abu Dhabi,2014-04-21,League,SK Raina,Sheikh Zayed Stadium,Chennai Super Kings,Delhi Daredevils,Chennai Super Kings,bat,Chennai Super Kings,runs,93,178,20,N,NA,RK Illingworth,C Shamshuddin
729295,NA,2014-04-22,League,GJ Maxwell,Sharjah Cricket Stadium,Kings XI Punjab,Sunrisers Hyderabad,Sunrisers Hyderabad,field,Kings XI Punjab,runs,72,194,20,N,NA,M Erasmus,S Ravi
729297,NA,2014-04-23,League,RA Jadeja,Dubai International Cricket Stadium,Rajasthan Royals,Chennai Super Kings,Rajasthan Royals,field,Chennai Super Kings,runs,7,141,20,N,NA,HDPK Dharmasena,RK Illingworth
729299,NA,2014-04-24,League,CA Lynn,Sharjah Cricket Stadium,Royal Challengers Bangalore,Kolkata Knight Riders,Royal Challengers Bangalore,field,Kolkata Knight Riders,runs,2,151,20,N,NA,Aleem Dar,VA Kulkarni
729301,NA,2014-04-25,League,AJ Finch,Dubai International Cricket Stadium,Sunrisers Hyderabad,Delhi Daredevils,Sunrisers Hyderabad,bat,Sunrisers Hyderabad,runs,4,185,20,N,NA,M Erasmus,S Ravi
729303,NA,2014-04-25,League,MM Sharma,Dubai International Cricket Stadium,Chennai Super Kings,Mumbai Indians,Mumbai Indians,bat,Chennai Super Kings,wickets,7,142,20,N,NA,BF Bowden,M Erasmus
729305,Abu Dhabi,2014-04-26,League,PV Tambe,Sheikh Zayed Stadium,Rajasthan Royals,Royal Challengers Bangalore,Rajasthan Royals,field,Rajasthan Royals,wickets,6,71,20,N,NA,HDPK Dharmasena,C Shamshuddin
729307,Abu Dhabi,2014-04-26,League,Sandeep Sharma,Sheikh Zayed Stadium,Kolkata Knight Riders,Kings XI Punjab,Kolkata Knight Riders,field,Kings XI Punjab,runs,23,133,20,N,NA,HDPK Dharmasena,RK Illingworth
729309,NA,2014-04-27,League,M Vijay,Sharjah Cricket Stadium,Delhi Daredevils,Mumbai Indians,Mumbai Indians,bat,Delhi Daredevils,wickets,6,126,20,N,NA,Aleem Dar,VA Kulkarni
729311,NA,2014-04-27,League,DR Smith,Sharjah Cricket Stadium,Sunrisers Hyderabad,Chennai Super Kings,Sunrisers Hyderabad,bat,Chennai Super Kings,wickets,5,146,20,N,NA,AK Chaudhary,VA Kulkarni
729313,NA,2014-04-28,League,Sandeep Sharma,Dubai International Cricket Stadium,Kings XI Punjab,Royal Challengers Bangalore,Kings XI Punjab,field,Kings XI Punjab,wickets,5,125,20,N,NA,BF Bowden,S Ravi
729315,Abu Dhabi,2014-04-29,League,JP Faulkner,Sheikh Zayed Stadium,Kolkata Knight Riders,Rajasthan Royals,Rajasthan Royals,bat,Rajasthan Royals,tie,NA,153,20,Y,NA,Aleem Dar,AK Chaudhary
729317,NA,2014-04-30,League,B Kumar,Dubai International Cricket Stadium,Mumbai Indians,Sunrisers Hyderabad,Mumbai Indians,field,Sunrisers Hyderabad,runs,15,173,20,N,NA,HDPK Dharmasena,M Erasmus
733971,Ranchi,2014-05-02,League,RA Jadeja,JSCA International Stadium Complex,Chennai Super Kings,Kolkata Knight Riders,Chennai Super Kings,bat,Chennai Super Kings,runs,34,149,17,N,NA,AK Chaudhary,NJ Llong
733973,Mumbai,2014-05-03,League,CJ Anderson,Wankhede Stadium,Mumbai Indians,Kings XI Punjab,Kings XI Punjab,bat,Mumbai Indians,wickets,5,169,20,N,NA,BNJ Oxenford,C Shamshuddin
733975,Delhi,2014-05-03,League,KK Nair,Feroz Shah Kotla,Delhi Daredevils,Rajasthan Royals,Rajasthan Royals,field,Rajasthan Royals,wickets,7,153,20,N,NA,SS Hazare,S Ravi
733977,Bangalore,2014-05-04,League,AB de Villiers,M Chinnaswamy Stadium,Royal Challengers Bangalore,Sunrisers Hyderabad,Royal Challengers Bangalore,field,Royal Challengers Bangalore,wickets,4,156,20,N,NA,HDPK Dharmasena,VA Kulkarni
733979,Ahmedabad,2014-05-05,League,PV Tambe,"Sardar Patel Stadium, Motera",Rajasthan Royals,Kolkata Knight Riders,Kolkata Knight Riders,field,Rajasthan Royals,runs,10,171,20,N,NA,NJ Llong,CK Nandan
733981,Delhi,2014-05-05,League,DR Smith,Feroz Shah Kotla,Delhi Daredevils,Chennai Super Kings,Chennai Super Kings,field,Chennai Super Kings,wickets,8,179,20,N,NA,RM Deshpande,BNJ Oxenford
733983,Mumbai,2014-05-06,League,RG Sharma,Wankhede Stadium,Mumbai Indians,Royal Challengers Bangalore,Royal Challengers Bangalore,field,Mumbai Indians,runs,19,188,20,N,NA,S Ravi,K Srinath
733985,Delhi,2014-05-07,League,G Gambhir,Feroz Shah Kotla,Delhi Daredevils,Kolkata Knight Riders,Delhi Daredevils,bat,Kolkata Knight Riders,wickets,8,161,20,N,NA,BNJ Oxenford,C Shamshuddin
733987,Cuttack,2014-05-07,League,GJ Maxwell,Barabati Stadium,Kings XI Punjab,Chennai Super Kings,Chennai Super Kings,field,Kings XI Punjab,runs,44,232,20,N,NA,HDPK Dharmasena,PG Pathak
733989,Ahmedabad,2014-05-08,League,B Kumar,"Sardar Patel Stadium, Motera",Rajasthan Royals,Sunrisers Hyderabad,Rajasthan Royals,field,Sunrisers Hyderabad,runs,32,135,20,N,NA,AK Chaudhary,NJ Llong
733991,Bangalore,2014-05-09,League,Sandeep Sharma,M Chinnaswamy Stadium,Royal Challengers Bangalore,Kings XI Punjab,Royal Challengers Bangalore,field,Kings XI Punjab,runs,32,199,20,N,NA,S Ravi,K Srinath
733993,Delhi,2014-05-10,League,DW Steyn,Feroz Shah Kotla,Delhi Daredevils,Sunrisers Hyderabad,Sunrisers Hyderabad,field,Sunrisers Hyderabad,wickets,8,43,5,N,D/L,RM Deshpande,BNJ Oxenford
733995,Mumbai,2014-05-10,League,DR Smith,Wankhede Stadium,Mumbai Indians,Chennai Super Kings,Chennai Super Kings,field,Chennai Super Kings,wickets,4,158,20,N,NA,HDPK Dharmasena,VA Kulkarni
733997,Cuttack,2014-05-11,League,G Gambhir,Barabati Stadium,Kings XI Punjab,Kolkata Knight Riders,Kolkata Knight Riders,field,Kolkata Knight Riders,wickets,9,150,20,N,NA,NJ Llong,CK Nandan
733999,Bangalore,2014-05-11,League,JP Faulkner,M Chinnaswamy Stadium,Royal Challengers Bangalore,Rajasthan Royals,Royal Challengers Bangalore,bat,Rajasthan Royals,wickets,5,191,20,N,NA,S Ravi,RJ Tucker
734001,Hyderabad,2014-05-12,League,AT Rayudu,"Rajiv Gandhi International Stadium, Uppal",Sunrisers Hyderabad,Mumbai Indians,Sunrisers Hyderabad,bat,Mumbai Indians,wickets,7,158,20,N,NA,HDPK Dharmasena,VA Kulkarni
734003,Ranchi,2014-05-13,League,RA Jadeja,JSCA International Stadium Complex,Chennai Super Kings,Rajasthan Royals,Rajasthan Royals,bat,Chennai Super Kings,wickets,5,149,20,N,NA,BNJ Oxenford,C Shamshuddin
734005,Bangalore,2014-05-13,League,Yuvraj Singh,M Chinnaswamy Stadium,Royal Challengers Bangalore,Delhi Daredevils,Delhi Daredevils,field,Royal Challengers Bangalore,runs,16,187,20,N,NA,K Srinath,RJ Tucker
734007,Hyderabad,2014-05-14,League,WP Saha,"Rajiv Gandhi International Stadium, Uppal",Sunrisers Hyderabad,Kings XI Punjab,Kings XI Punjab,field,Kings XI Punjab,wickets,6,206,20,N,NA,VA Kulkarni,PG Pathak
734009,Cuttack,2014-05-14,League,RV Uthappa,Barabati Stadium,Kolkata Knight Riders,Mumbai Indians,Kolkata Knight Riders,field,Kolkata Knight Riders,wickets,6,142,20,N,NA,AK Chaudhary,NJ Llong
734011,Ahmedabad,2014-05-15,League,AM Rahane,"Sardar Patel Stadium, Motera",Rajasthan Royals,Delhi Daredevils,Delhi Daredevils,field,Rajasthan Royals,runs,62,202,20,N,NA,S Ravi,RJ Tucker
734013,Ranchi,2014-05-18,League,AB de Villiers,JSCA International Stadium Complex,Chennai Super Kings,Royal Challengers Bangalore,Chennai Super Kings,bat,Royal Challengers Bangalore,wickets,5,139,20,N,NA,BNJ Oxenford,C Shamshuddin
734015,Hyderabad,2014-05-18,League,UT Yadav,"Rajiv Gandhi International Stadium, Uppal",Sunrisers Hyderabad,Kolkata Knight Riders,Sunrisers Hyderabad,bat,Kolkata Knight Riders,wickets,7,143,20,N,NA,NJ Llong,CK Nandan
734017,Ahmedabad,2014-05-19,League,MEK Hussey,"Sardar Patel Stadium, Motera",Rajasthan Royals,Mumbai Indians,Mumbai Indians,bat,Mumbai Indians,runs,25,179,20,N,NA,S Ravi,RJ Tucker
734019,Delhi,2014-05-19,League,AR Patel,Feroz Shah Kotla,Delhi Daredevils,Kings XI Punjab,Kings XI Punjab,field,Kings XI Punjab,wickets,4,165,20,N,NA,HDPK Dharmasena,PG Pathak
734021,Hyderabad,2014-05-20,League,DA Warner,"Rajiv Gandhi International Stadium, Uppal",Sunrisers Hyderabad,Royal Challengers Bangalore,Royal Challengers Bangalore,bat,Sunrisers Hyderabad,wickets,7,161,20,N,NA,AK Chaudhary,NJ Llong
734023,Kolkata,2014-05-20,League,RV Uthappa,Eden Gardens,Kolkata Knight Riders,Chennai Super Kings,Kolkata Knight Riders,field,Kolkata Knight Riders,wickets,8,155,20,N,NA,RM Deshpande,C Shamshuddin
734025,Chandigarh,2014-05-21,League,LMP Simmons,"Punjab Cricket Association Stadium, Mohali",Kings XI Punjab,Mumbai Indians,Mumbai Indians,field,Mumbai Indians,wickets,7,157,20,N,NA,HDPK Dharmasena,VA Kulkarni
734027,Kolkata,2014-05-22,League,RV Uthappa,Eden Gardens,Kolkata Knight Riders,Royal Challengers Bangalore,Royal Challengers Bangalore,field,Kolkata Knight Riders,runs,30,196,20,N,NA,AK Chaudhary,CK Nandan
734029,Ranchi,2014-05-22,League,DA Warner,JSCA International Stadium Complex,Chennai Super Kings,Sunrisers Hyderabad,Sunrisers Hyderabad,field,Sunrisers Hyderabad,wickets,6,186,20,N,NA,BNJ Oxenford,C Shamshuddin
734031,Mumbai,2014-05-23,League,MEK Hussey,Wankhede Stadium,Mumbai Indians,Delhi Daredevils,Delhi Daredevils,field,Mumbai Indians,runs,15,174,20,N,NA,S Ravi,RJ Tucker
734033,Chandigarh,2014-05-23,League,SE Marsh,"Punjab Cricket Association Stadium, Mohali",Kings XI Punjab,Rajasthan Royals,Rajasthan Royals,field,Kings XI Punjab,runs,16,180,20,N,NA,HDPK Dharmasena,PG Pathak
734035,Bangalore,2014-05-24,League,MS Dhoni,M Chinnaswamy Stadium,Royal Challengers Bangalore,Chennai Super Kings,Chennai Super Kings,field,Chennai Super Kings,wickets,8,155,20,N,NA,AK Chaudhary,NJ Llong
734037,Kolkata,2014-05-24,League,YK Pathan,Eden Gardens,Kolkata Knight Riders,Sunrisers Hyderabad,Kolkata Knight Riders,field,Kolkata Knight Riders,wickets,4,161,20,N,NA,RM Deshpande,BNJ Oxenford
734039,Chandigarh,2014-05-25,League,M Vohra,"Punjab Cricket Association Stadium, Mohali",Kings XI Punjab,Delhi Daredevils,Kings XI Punjab,field,Kings XI Punjab,wickets,7,116,20,N,NA,HDPK Dharmasena,VA Kulkarni
734041,Mumbai,2014-05-25,League,CJ Anderson,Wankhede Stadium,Mumbai Indians,Rajasthan Royals,Mumbai Indians,field,Mumbai Indians,wickets,5,190,20,N,NA,K Srinath,RJ Tucker
734043,Kolkata,2014-05-27,Qualifier 1,UT Yadav,Eden Gardens,Kings XI Punjab,Kolkata Knight Riders,Kings XI Punjab,field,Kolkata Knight Riders,runs,28,164,20,N,NA,NJ Llong,S Ravi
734045,Mumbai,2014-05-28,Eliminator,SK Raina,Brabourne Stadium,Chennai Super Kings,Mumbai Indians,Chennai Super Kings,field,Chennai Super Kings,wickets,7,174,20,N,NA,VA Kulkarni,BNJ Oxenford
734047,Mumbai,2014-05-30,Qualifier 2,V Sehwag,Wankhede Stadium,Chennai Super Kings,Kings XI Punjab,Chennai Super Kings,field,Kings XI Punjab,runs,24,227,20,N,NA,HDPK Dharmasena,RJ Tucker
734049,Bangalore,2014-06-01,Final,MK Pandey,M Chinnaswamy Stadium,Kolkata Knight Riders,Kings XI Punjab,Kolkata Knight Riders,field,Kolkata Knight Riders,wickets,3,200,20,N,NA,HDPK Dharmasena,BNJ Oxenford
