1082591,Hyderabad,2017-04-05,League,Yuvraj Singh,"Rajiv Gandhi International Stadium, Uppal",Sunrisers Hyderabad,Royal Challengers Bangalore,Royal Challengers Bangalore,field,Sunrisers Hyderabad,runs,35,208,20,N,NA,AY Dandekar,NJ Llong
1082592,Pune,2017-04-06,League,SPD Smith,Maharashtra Cricket Association Stadium,Rising Pune Supergiant,Mumbai Indians,Rising Pune Supergiant,field,Rising Pune Supergiant,wickets,7,185,20,N,NA,A Nand Kishore,S Ravi
1082593,Rajkot,2017-04-07,League,CA Lynn,Saurashtra Cricket Association Stadium,Gujarat Lions,Kolkata Knight Riders,Kolkata Knight Riders,field,Kolkata Knight Riders,wickets,10,184,20,N,NA,Nitin Menon,CK Nandan
1082594,Indore,2017-04-08,League,GJ Maxwell,Holkar Cricket Stadium,Kings XI Punjab,Rising Pune Supergiant,Kings XI Punjab,field,Kings XI Punjab,wickets,6,164,20,N,NA,AK Chaudhary,C Shamshuddin
1082595,Bengaluru,2017-04-08,League,KM Jadhav,M.Chinnaswamy Stadium,Royal Challengers Bangalore,Delhi Daredevils,Royal Challengers Bangalore,bat,Royal Challengers Bangalore,runs,15,158,20,N,NA,S Ravi,VK Sharma
1082596,Hyderabad,2017-04-09,League,Rashid Khan,"Rajiv Gandhi International Stadium, Uppal",Sunrisers Hyderabad,Gujarat Lions,Sunrisers Hyderabad,field,Sunrisers Hyderabad,wickets,9,136,20,N,NA,A Deshmukh,NJ Llong
1082597,Mumbai,2017-04-09,League,N Rana,Wankhede Stadium,Mumbai Indians,Kolkata Knight Riders,Mumbai Indians,field,Mumbai Indians,wickets,4,179,20,N,NA,Nitin Menon,CK Nandan
1082598,Indore,2017-04-10,League,AR Patel,Holkar Cricket Stadium,Kings XI Punjab,Royal Challengers Bangalore,Royal Challengers Bangalore,bat,Kings XI Punjab,wickets,8,149,20,N,NA,AK Chaudhary,C Shamshuddin
1082599,Pune,2017-04-11,League,SV Samson,Maharashtra Cricket Association Stadium,Rising Pune Supergiant,Delhi Daredevils,Rising Pune Supergiant,field,Delhi Daredevils,runs,97,206,20,N,NA,AY Dandekar,S Ravi
1082600,Mumbai,2017-04-12,League,JJ Bumrah,Wankhede Stadium,Mumbai Indians,Sunrisers Hyderabad,Mumbai Indians,field,Mumbai Indians,wickets,4,159,20,N,NA,Nitin Menon,CK Nandan
1082601,Kolkata,2017-04-13,League,SP Narine,Eden Gardens,Kolkata Knight Riders,Kings XI Punjab,Kolkata Knight Riders,field,Kolkata Knight Riders,wickets,8,171,20,N,NA,A Deshmukh,NJ Llong
1082602,Bangalore,2017-04-14,League,KA Pollard,M Chinnaswamy Stadium,Royal Challengers Bangalore,Mumbai Indians,Mumbai Indians,field,Mumbai Indians,wickets,4,143,20,N,NA,KN Ananthapadmanabhan,AK Chaudhary
1082603,Rajkot,2017-04-14,League,AJ Tye,Saurashtra Cricket Association Stadium,Gujarat Lions,Rising Pune Supergiant,Gujarat Lions,field,Gujarat Lions,wickets,7,172,20,N,NA,A Nand Kishore,S Ravi
1082604,Kolkata,2017-04-15,League,RV Uthappa,Eden Gardens,Kolkata Knight Riders,Sunrisers Hyderabad,Sunrisers Hyderabad,field,Kolkata Knight Riders,runs,17,173,20,N,NA,AY Dandekar,NJ Llong
1082605,Delhi,2017-04-15,League,CJ Anderson,Feroz Shah Kotla,Delhi Daredevils,Kings XI Punjab,Delhi Daredevils,bat,Delhi Daredevils,runs,51,189,20,N,NA,YC Barde,Nitin Menon
1082606,Mumbai,2017-04-16,League,N Rana,Wankhede Stadium,Mumbai Indians,Gujarat Lions,Mumbai Indians,field,Mumbai Indians,wickets,6,177,20,N,NA,A Nand Kishore,S Ravi
1082607,Bangalore,2017-04-16,League,BA Stokes,M Chinnaswamy Stadium,Royal Challengers Bangalore,Rising Pune Supergiant,Royal Challengers Bangalore,field,Rising Pune Supergiant,runs,27,162,20,N,NA,KN Ananthapadmanabhan,C Shamshuddin
1082608,Delhi,2017-04-17,League,NM Coulter-Nile,Feroz Shah Kotla,Delhi Daredevils,Kolkata Knight Riders,Delhi Daredevils,bat,Kolkata Knight Riders,wickets,4,169,20,N,NA,Nitin Menon,CK Nandan
1082609,Hyderabad,2017-04-17,League,B Kumar,"Rajiv Gandhi International Stadium, Uppal",Sunrisers Hyderabad,Kings XI Punjab,Kings XI Punjab,field,Sunrisers Hyderabad,runs,5,160,20,N,NA,AY Dandekar,A Deshmukh
1082610,Rajkot,2017-04-18,League,CH Gayle,Saurashtra Cricket Association Stadium,Gujarat Lions,Royal Challengers Bangalore,Gujarat Lions,field,Royal Challengers Bangalore,runs,21,214,20,N,NA,S Ravi,VK Sharma
1082611,Hyderabad,2017-04-19,League,KS Williamson,"Rajiv Gandhi International Stadium, Uppal",Sunrisers Hyderabad,Delhi Daredevils,Sunrisers Hyderabad,bat,Sunrisers Hyderabad,runs,15,192,20,N,NA,CB Gaffaney,NJ Llong
1082612,Indore,2017-04-20,League,JC Buttler,Holkar Cricket Stadium,Kings XI Punjab,Mumbai Indians,Mumbai Indians,field,Mumbai Indians,wickets,8,199,20,N,NA,M Erasmus,C Shamshuddin
1082613,Kolkata,2017-04-21,League,SK Raina,Eden Gardens,Kolkata Knight Riders,Gujarat Lions,Gujarat Lions,field,Gujarat Lions,wickets,4,188,20,N,NA,CB Gaffaney,Nitin Menon
1082614,Mumbai,2017-04-22,League,MJ McClenaghan,Wankhede Stadium,Mumbai Indians,Delhi Daredevils,Delhi Daredevils,field,Mumbai Indians,runs,14,143,20,N,NA,A Nand Kishore,S Ravi
1082615,Pune,2017-04-22,League,MS Dhoni,Maharashtra Cricket Association Stadium,Rising Pune Supergiant,Sunrisers Hyderabad,Rising Pune Supergiant,field,Rising Pune Supergiant,wickets,6,177,20,N,NA,AY Dandekar,A Deshmukh
1082616,Rajkot,2017-04-23,League,HM Amla,Saurashtra Cricket Association Stadium,Gujarat Lions,Kings XI Punjab,Gujarat Lions,field,Kings XI Punjab,runs,26,189,20,N,NA,AK Chaudhary,M Erasmus
1082617,Kolkata,2017-04-23,League,NM Coulter-Nile,Eden Gardens,Kolkata Knight Riders,Royal Challengers Bangalore,Royal Challengers Bangalore,field,Kolkata Knight Riders,runs,82,132,20,N,NA,CB Gaffaney,CK Nandan
1082618,Mumbai,2017-04-24,League,BA Stokes,Wankhede Stadium,Mumbai Indians,Rising Pune Supergiant,Mumbai Indians,field,Rising Pune Supergiant,runs,3,161,20,N,NA,A Nand Kishore,S Ravi
1082620,Pune,2017-04-26,League,RV Uthappa,Maharashtra Cricket Association Stadium,Rising Pune Supergiant,Kolkata Knight Riders,Kolkata Knight Riders,field,Kolkata Knight Riders,wickets,7,183,20,N,NA,AY Dandekar,NJ Llong
1082621,Bangalore,2017-04-27,League,AJ Tye,M Chinnaswamy Stadium,Royal Challengers Bangalore,Gujarat Lions,Gujarat Lions,field,Gujarat Lions,wickets,7,135,20,N,NA,AK Chaudhary,C Shamshuddin
1082622,Kolkata,2017-04-28,League,G Gambhir,Eden Gardens,Kolkata Knight Riders,Delhi Daredevils,Kolkata Knight Riders,field,Kolkata Knight Riders,wickets,7,161,20,N,NA,NJ Llong,S Ravi
1082623,Chandigarh,2017-04-28,League,Rashid Khan,"Punjab Cricket Association IS Bindra Stadium, Mohali",Kings XI Punjab,Sunrisers Hyderabad,Kings XI Punjab,field,Sunrisers Hyderabad,runs,26,208,20,N,NA,Nitin Menon,CK Nandan
1082624,Pune,2017-04-29,League,LH Ferguson,Maharashtra Cricket Association Stadium,Rising Pune Supergiant,Royal Challengers Bangalore,Royal Challengers Bangalore,field,Rising Pune Supergiant,runs,61,158,20,N,NA,KN Ananthapadmanabhan,M Erasmus
1082625,Rajkot,2017-04-29,League,KH Pandya,Saurashtra Cricket Association Stadium,Gujarat Lions,Mumbai Indians,Gujarat Lions,bat,Mumbai Indians,tie,NA,154,20,Y,NA,AK Chaudhary,CB Gaffaney
1082626,Chandigarh,2017-04-30,League,Sandeep Sharma,"Punjab Cricket Association IS Bindra Stadium, Mohali",Kings XI Punjab,Delhi Daredevils,Kings XI Punjab,field,Kings XI Punjab,wickets,10,68,20,N,NA,YC Barde,CK Nandan
1082627,Hyderabad,2017-04-30,League,DA Warner,"Rajiv Gandhi International Stadium, Uppal",Sunrisers Hyderabad,Kolkata Knight Riders,Kolkata Knight Riders,field,Sunrisers Hyderabad,runs,48,210,20,N,NA,AY Dandekar,S Ravi
1082628,Mumbai,2017-05-01,League,RG Sharma,Wankhede Stadium,Mumbai Indians,Royal Challengers Bangalore,Royal Challengers Bangalore,bat,Mumbai Indians,wickets,5,163,20,N,NA,AK Chaudhary,CB Gaffaney
1082629,Pune,2017-05-01,League,BA Stokes,Maharashtra Cricket Association Stadium,Rising Pune Supergiant,Gujarat Lions,Rising Pune Supergiant,field,Rising Pune Supergiant,wickets,5,162,20,N,NA,M Erasmus,C Shamshuddin
1082630,Delhi,2017-05-02,League,Mohammed Shami,Feroz Shah Kotla,Delhi Daredevils,Sunrisers Hyderabad,Delhi Daredevils,field,Delhi Daredevils,wickets,6,186,20,N,NA,YC Barde,Nitin Menon
1082631,Kolkata,2017-05-03,League,RA Tripathi,Eden Gardens,Kolkata Knight Riders,Rising Pune Supergiant,Rising Pune Supergiant,field,Rising Pune Supergiant,wickets,4,156,20,N,NA,KN Ananthapadmanabhan,A Nand Kishore
1082632,Delhi,2017-05-04,League,RR Pant,Feroz Shah Kotla,Delhi Daredevils,Gujarat Lions,Delhi Daredevils,field,Delhi Daredevils,wickets,7,209,20,N,NA,M Erasmus,Nitin Menon
1082633,Bangalore,2017-05-05,League,Sandeep Sharma,M Chinnaswamy Stadium,Royal Challengers Bangalore,Kings XI Punjab,Royal Challengers Bangalore,field,Kings XI Punjab,runs,19,139,20,N,NA,CB Gaffaney,C Shamshuddin
1082634,Hyderabad,2017-05-06,League,JD Unadkat,"Rajiv Gandhi International Stadium, Uppal",Sunrisers Hyderabad,Rising Pune Supergiant,Sunrisers Hyderabad,field,Rising Pune Supergiant,runs,12,149,20,N,NA,KN Ananthapadmanabhan,AK Chaudhary
1082635,Delhi,2017-05-06,League,LMP Simmons,Feroz Shah Kotla,Delhi Daredevils,Mumbai Indians,Delhi Daredevils,field,Mumbai Indians,runs,146,213,20,N,NA,Nitin Menon,CK Nandan
1082636,Bangalore,2017-05-07,League,SP Narine,M Chinnaswamy Stadium,Royal Challengers Bangalore,Kolkata Knight Riders,Kolkata Knight Riders,field,Kolkata Knight Riders,wickets,6,159,20,N,NA,AY Dandekar,C Shamshuddin
1082637,Chandigarh,2017-05-07,League,DR Smith,"Punjab Cricket Association IS Bindra Stadium, Mohali",Kings XI Punjab,Gujarat Lions,Gujarat Lions,field,Gujarat Lions,wickets,6,190,20,N,NA,A Nand Kishore,VK Sharma
1082638,Hyderabad,2017-05-08,League,S Dhawan,"Rajiv Gandhi International Stadium, Uppal",Sunrisers Hyderabad,Mumbai Indians,Mumbai Indians,bat,Sunrisers Hyderabad,wickets,7,139,20,N,NA,KN Ananthapadmanabhan,M Erasmus
1082639,Chandigarh,2017-05-09,League,MM Sharma,"Punjab Cricket Association IS Bindra Stadium, Mohali",Kings XI Punjab,Kolkata Knight Riders,Kolkata Knight Riders,field,Kings XI Punjab,runs,14,168,20,N,NA,A Nand Kishore,S Ravi
1082640,Kanpur,2017-05-10,League,SS Iyer,Green Park,Gujarat Lions,Delhi Daredevils,Delhi Daredevils,field,Delhi Daredevils,wickets,2,196,20,N,NA,YC Barde,AK Chaudhary
1082641,Mumbai,2017-05-11,League,WP Saha,Wankhede Stadium,Mumbai Indians,Kings XI Punjab,Mumbai Indians,field,Kings XI Punjab,runs,7,231,20,N,NA,A Deshmukh,A Nand Kishore
1082642,Delhi,2017-05-12,League,KK Nair,Feroz Shah Kotla,Delhi Daredevils,Rising Pune Supergiant,Delhi Daredevils,bat,Delhi Daredevils,runs,7,169,20,N,NA,KN Ananthapadmanabhan,CK Nandan
1082643,Kanpur,2017-05-13,League,Mohammed Siraj,Green Park,Gujarat Lions,Sunrisers Hyderabad,Sunrisers Hyderabad,field,Sunrisers Hyderabad,wickets,8,155,20,N,NA,AK Chaudhary,Nitin Menon
1082644,Kolkata,2017-05-13,League,AT Rayudu,Eden Gardens,Kolkata Knight Riders,Mumbai Indians,Kolkata Knight Riders,field,Mumbai Indians,runs,9,174,20,N,NA,A Nand Kishore,S Ravi
1082645,Pune,2017-05-14,League,JD Unadkat,Maharashtra Cricket Association Stadium,Rising Pune Supergiant,Kings XI Punjab,Rising Pune Supergiant,field,Rising Pune Supergiant,wickets,9,74,20,N,NA,AY Dandekar,A Deshmukh
1082646,Delhi,2017-05-14,League,HV Patel,Feroz Shah Kotla,Delhi Daredevils,Royal Challengers Bangalore,Royal Challengers Bangalore,bat,Royal Challengers Bangalore,runs,10,162,20,N,NA,CK Nandan,C Shamshuddin
1082647,Mumbai,2017-05-16,Qualifier 1,Washington Sundar,Wankhede Stadium,Mumbai Indians,Rising Pune Supergiant,Mumbai Indians,field,Rising Pune Supergiant,runs,20,163,20,N,NA,S Ravi,C Shamshuddin
1082648,Bangalore,2017-05-17,Eliminator,NM Coulter-Nile,M Chinnaswamy Stadium,Sunrisers Hyderabad,Kolkata Knight Riders,Kolkata Knight Riders,field,Kolkata Knight Riders,wickets,7,48,6,N,D/L,AK Chaudhary,Nitin Menon
1082649,Bangalore,2017-05-19,Qualifier 2,KV Sharma,M Chinnaswamy Stadium,Mumbai Indians,Kolkata Knight Riders,Mumbai Indians,field,Mumbai Indians,wickets,6,108,20,N,NA,NJ Llong,Nitin Menon
1082650,Hyderabad,2017-05-21,Final,KH Pandya,"Rajiv Gandhi International Stadium, Uppal",Mumbai Indians,Rising Pune Supergiant,Mumbai Indians,bat,Mumbai Indians,runs,1,130,20,N,NA,NJ Llong,S Ravi
