501198,Chennai,2011-04-08,League,S Anirudha,"MA Chidambaram Stadium, Chepauk",Chennai Super Kings,Kolkata Knight Riders,Chennai Super Kings,bat,Chennai Super Kings,runs,2,154,20,N,NA,BR Doctrove,PR Reiffel
501199,Hyderabad,2011-04-09,League,SK Trivedi,"Rajiv Gandhi International Stadium, Uppal",Deccan Chargers,Rajasthan Royals,Rajasthan Royals,field,Rajasthan Royals,wickets,8,138,20,N,NA,RE Koertzen,SK Tarapore
501200,Kochi,2011-04-09,League,AB de Villiers,Nehru Stadium,Kochi Tuskers Kerala,Royal Challengers Bangalore,Kochi Tuskers Kerala,bat,Royal Challengers Bangalore,wickets,6,162,20,N,NA,HDPK Dharmasena,K Hariharan
501201,Delhi,2011-04-10,League,SL Malinga,Feroz Shah Kotla,Delhi Daredevils,Mumbai Indians,Delhi Daredevils,bat,Mumbai Indians,wickets,8,96,20,N,NA,AM Saheba,RB Tiffin
501202,Mumbai,2011-04-10,League,SB Wagh,Dr DY Patil Sports Academy,Pune Warriors,Kings XI Punjab,Kings XI Punjab,bat,Pune Warriors,wickets,7,113,20,N,NA,BR Doctrove,PR Reiffel
501203,Kolkata,2011-04-11,League,JH Kallis,Eden Gardens,Kolkata Knight Riders,Deccan Chargers,Kolkata Knight Riders,bat,Kolkata Knight Riders,runs,9,164,20,N,NA,RE Koertzen,SK Tarapore
501204,Jaipur,2011-04-12,League,SK Warne,Sawai Mansingh Stadium,Rajasthan Royals,Delhi Daredevils,Delhi Daredevils,bat,Rajasthan Royals,wickets,6,152,20,N,NA,Aleem Dar,RB Tiffin
501205,Bangalore,2011-04-12,League,SR Tendulkar,M Chinnaswamy Stadium,Royal Challengers Bangalore,Mumbai Indians,Mumbai Indians,field,Mumbai Indians,wickets,9,141,20,N,NA,HDPK Dharmasena,AL Hill
501206,Chandigarh,2011-04-13,League,PC Valthaty,"Punjab Cricket Association Stadium, Mohali",Kings XI Punjab,Chennai Super Kings,Kings XI Punjab,field,Kings XI Punjab,wickets,6,189,20,N,NA,Asad Rauf,SL Shastri
501207,Mumbai,2011-04-13,League,MD Mishra,Dr DY Patil Sports Academy,Pune Warriors,Kochi Tuskers Kerala,Kochi Tuskers Kerala,bat,Pune Warriors,wickets,4,149,20,N,NA,S Asnani,PR Reiffel
501208,Hyderabad,2011-04-14,League,DW Steyn,"Rajiv Gandhi International Stadium, Uppal",Deccan Chargers,Royal Challengers Bangalore,Royal Challengers Bangalore,field,Deccan Chargers,runs,33,176,20,N,NA,RE Koertzen,S Ravi
501209,Jaipur,2011-04-15,League,G Gambhir,Sawai Mansingh Stadium,Rajasthan Royals,Kolkata Knight Riders,Kolkata Knight Riders,field,Kolkata Knight Riders,wickets,9,160,20,N,NA,Aleem Dar,SS Hazare
501210,Mumbai,2011-04-15,League,BB McCullum,Wankhede Stadium,Mumbai Indians,Kochi Tuskers Kerala,Kochi Tuskers Kerala,field,Kochi Tuskers Kerala,wickets,8,183,20,N,NA,BR Doctrove,PR Reiffel
501211,Chennai,2011-04-16,League,MEK Hussey,"MA Chidambaram Stadium, Chepauk",Chennai Super Kings,Royal Challengers Bangalore,Chennai Super Kings,bat,Chennai Super Kings,runs,21,184,20,N,NA,HDPK Dharmasena,AL Hill
501212,Hyderabad,2011-04-16,League,PC Valthaty,"Rajiv Gandhi International Stadium, Uppal",Deccan Chargers,Kings XI Punjab,Kings XI Punjab,field,Kings XI Punjab,wickets,8,166,20,N,NA,RE Koertzen,S Ravi
501213,Mumbai,2011-04-17,League,Yuvraj Singh,Dr DY Patil Sports Academy,Pune Warriors,Delhi Daredevils,Delhi Daredevils,field,Delhi Daredevils,wickets,3,188,20,N,NA,Asad Rauf,AM Saheba
501214,Kolkata,2011-04-17,League,L Balaji,Eden Gardens,Kolkata Knight Riders,Rajasthan Royals,Kolkata Knight Riders,field,Kolkata Knight Riders,wickets,8,82,20,N,NA,Aleem Dar,RB Tiffin
501215,Kochi,2011-04-18,League,BB McCullum,Nehru Stadium,Kochi Tuskers Kerala,Chennai Super Kings,Kochi Tuskers Kerala,field,Kochi Tuskers Kerala,wickets,7,135,17,N,D/L,K Hariharan,AL Hill
501216,Delhi,2011-04-19,League,S Sohal,Feroz Shah Kotla,Delhi Daredevils,Deccan Chargers,Deccan Chargers,bat,Deccan Chargers,runs,16,169,20,N,NA,PR Reiffel,RJ Tucker
501218,Mumbai,2011-04-20,League,MM Patel,Wankhede Stadium,Mumbai Indians,Pune Warriors,Pune Warriors,bat,Mumbai Indians,wickets,7,119,20,N,NA,Asad Rauf,AM Saheba
501219,Kolkata,2011-04-20,League,DPMD Jayawardene,Eden Gardens,Kolkata Knight Riders,Kochi Tuskers Kerala,Kolkata Knight Riders,field,Kochi Tuskers Kerala,runs,6,133,20,N,NA,Aleem Dar,RB Tiffin
501220,Chandigarh,2011-04-21,League,SE Marsh,"Punjab Cricket Association Stadium, Mohali",Kings XI Punjab,Rajasthan Royals,Rajasthan Royals,field,Kings XI Punjab,runs,48,196,20,N,NA,S Asnani,PR Reiffel
501221,Mumbai,2011-04-22,League,Harbhajan Singh,Wankhede Stadium,Mumbai Indians,Chennai Super Kings,Chennai Super Kings,field,Mumbai Indians,runs,8,165,20,N,NA,Asad Rauf,AM Saheba
501222,Kolkata,2011-04-22,League,CH Gayle,Eden Gardens,Kolkata Knight Riders,Royal Challengers Bangalore,Royal Challengers Bangalore,field,Royal Challengers Bangalore,wickets,9,172,20,N,NA,SS Hazare,RB Tiffin
501223,Delhi,2011-04-23,League,DA Warner,Feroz Shah Kotla,Delhi Daredevils,Kings XI Punjab,Kings XI Punjab,field,Delhi Daredevils,runs,29,232,20,N,NA,S Asnani,RE Koertzen
501224,Hyderabad,2011-04-24,League,SL Malinga,"Rajiv Gandhi International Stadium, Uppal",Deccan Chargers,Mumbai Indians,Deccan Chargers,field,Mumbai Indians,runs,37,173,20,N,NA,HDPK Dharmasena,AL Hill
501225,Jaipur,2011-04-24,League,SK Warne,Sawai Mansingh Stadium,Rajasthan Royals,Kochi Tuskers Kerala,Rajasthan Royals,field,Rajasthan Royals,wickets,8,110,20,N,NA,BR Doctrove,SK Tarapore
501226,Chennai,2011-04-25,League,MEK Hussey,"MA Chidambaram Stadium, Chepauk",Chennai Super Kings,Pune Warriors,Pune Warriors,field,Chennai Super Kings,runs,25,143,20,N,NA,Aleem Dar,RB Tiffin
501227,Delhi,2011-04-26,League,V Kohli,Feroz Shah Kotla,Delhi Daredevils,Royal Challengers Bangalore,Royal Challengers Bangalore,field,Royal Challengers Bangalore,wickets,3,161,20,N,NA,S Asnani,RJ Tucker
501228,Mumbai,2011-04-27,League,DE Bollinger,Dr DY Patil Sports Academy,Pune Warriors,Chennai Super Kings,Pune Warriors,bat,Chennai Super Kings,wickets,8,142,20,N,NA,Asad Rauf,SL Shastri
501229,Kochi,2011-04-27,League,I Sharma,Nehru Stadium,Kochi Tuskers Kerala,Deccan Chargers,Kochi Tuskers Kerala,field,Deccan Chargers,runs,55,130,20,N,NA,HDPK Dharmasena,AL Hill
501230,Delhi,2011-04-28,League,MK Tiwary,Feroz Shah Kotla,Delhi Daredevils,Kolkata Knight Riders,Delhi Daredevils,field,Kolkata Knight Riders,runs,17,149,20,N,NA,PR Reiffel,RJ Tucker
501231,Jaipur,2011-04-29,League,J Botha,Sawai Mansingh Stadium,Rajasthan Royals,Mumbai Indians,Rajasthan Royals,field,Rajasthan Royals,wickets,7,95,20,N,NA,Asad Rauf,SK Tarapore
501232,Bangalore,2011-04-29,League,V Kohli,M Chinnaswamy Stadium,Royal Challengers Bangalore,Pune Warriors,Pune Warriors,field,Royal Challengers Bangalore,runs,26,182,20,N,NA,Aleem Dar,SS Hazare
501233,Kochi,2011-04-30,League,V Sehwag,Nehru Stadium,Kochi Tuskers Kerala,Delhi Daredevils,Delhi Daredevils,bat,Delhi Daredevils,runs,38,158,20,N,NA,HDPK Dharmasena,AL Hill
501234,Kolkata,2011-04-30,League,Iqbal Abdulla,Eden Gardens,Kolkata Knight Riders,Kings XI Punjab,Kolkata Knight Riders,field,Kolkata Knight Riders,wickets,8,120,20,N,NA,AM Saheba,SL Shastri
501235,Jaipur,2011-05-01,League,LRPL Taylor,Sawai Mansingh Stadium,Rajasthan Royals,Pune Warriors,Rajasthan Royals,field,Rajasthan Royals,wickets,6,144,20,N,NA,SK Tarapore,SJA Taufel
501236,Chennai,2011-05-01,League,JA Morkel,"MA Chidambaram Stadium, Chepauk",Chennai Super Kings,Deccan Chargers,Chennai Super Kings,bat,Chennai Super Kings,runs,19,166,20,N,NA,Aleem Dar,RB Tiffin
501237,Mumbai,2011-05-02,League,KA Pollard,Wankhede Stadium,Mumbai Indians,Kings XI Punjab,Kings XI Punjab,field,Mumbai Indians,runs,23,160,20,N,NA,HDPK Dharmasena,PR Reiffel
501238,Delhi,2011-05-02,League,P Parameswaran,Feroz Shah Kotla,Delhi Daredevils,Kochi Tuskers Kerala,Kochi Tuskers Kerala,field,Kochi Tuskers Kerala,wickets,7,141,20,N,NA,Asad Rauf,SL Shastri
501239,Hyderabad,2011-05-03,League,YK Pathan,"Rajiv Gandhi International Stadium, Uppal",Deccan Chargers,Kolkata Knight Riders,Deccan Chargers,field,Kolkata Knight Riders,runs,20,170,20,N,NA,S Asnani,RJ Tucker
501240,Chennai,2011-05-04,League,MEK Hussey,"MA Chidambaram Stadium, Chepauk",Chennai Super Kings,Rajasthan Royals,Rajasthan Royals,bat,Chennai Super Kings,wickets,8,148,20,N,NA,SS Hazare,RB Tiffin
501241,Mumbai,2011-05-04,League,R Sharma,Dr DY Patil Sports Academy,Pune Warriors,Mumbai Indians,Pune Warriors,field,Mumbai Indians,runs,21,161,20,N,NA,HDPK Dharmasena,SJA Taufel
501242,Kochi,2011-05-05,League,BJ Hodge,Nehru Stadium,Kochi Tuskers Kerala,Kolkata Knight Riders,Kolkata Knight Riders,field,Kochi Tuskers Kerala,runs,17,157,20,N,NA,S Ravi,RJ Tucker
501243,Hyderabad,2011-05-05,League,V Sehwag,"Rajiv Gandhi International Stadium, Uppal",Deccan Chargers,Delhi Daredevils,Delhi Daredevils,field,Delhi Daredevils,wickets,4,176,20,N,NA,Asad Rauf,AM Saheba
501244,Bangalore,2011-05-06,League,CH Gayle,M Chinnaswamy Stadium,Royal Challengers Bangalore,Kings XI Punjab,Kings XI Punjab,field,Royal Challengers Bangalore,runs,85,206,20,N,NA,Aleem Dar,RB Tiffin
501245,Kolkata,2011-05-07,League,Iqbal Abdulla,Eden Gardens,Kolkata Knight Riders,Chennai Super Kings,Chennai Super Kings,bat,Kolkata Knight Riders,runs,10,52,10,N,D/L,Asad Rauf,PR Reiffel
501246,Mumbai,2011-05-07,League,AT Rayudu,Wankhede Stadium,Mumbai Indians,Delhi Daredevils,Delhi Daredevils,field,Mumbai Indians,runs,32,179,20,N,NA,K Hariharan,SJA Taufel
501247,Bangalore,2011-05-08,League,CH Gayle,M Chinnaswamy Stadium,Royal Challengers Bangalore,Kochi Tuskers Kerala,Kochi Tuskers Kerala,bat,Royal Challengers Bangalore,wickets,9,126,20,N,NA,Aleem Dar,SS Hazare
501248,Chandigarh,2011-05-08,League,R Sharma,"Punjab Cricket Association Stadium, Mohali",Kings XI Punjab,Pune Warriors,Kings XI Punjab,bat,Pune Warriors,wickets,5,120,20,N,NA,SK Tarapore,RJ Tucker
501249,Jaipur,2011-05-09,League,M Vijay,Sawai Mansingh Stadium,Rajasthan Royals,Chennai Super Kings,Rajasthan Royals,field,Chennai Super Kings,runs,63,197,20,N,NA,K Hariharan,SJA Taufel
501250,Hyderabad,2011-05-10,League,MR Marsh,"Rajiv Gandhi International Stadium, Uppal",Deccan Chargers,Pune Warriors,Deccan Chargers,bat,Pune Warriors,wickets,6,137,20,N,NA,Asad Rauf,AM Saheba
501251,Chandigarh,2011-05-10,League,BA Bhatt,"Punjab Cricket Association Stadium, Mohali",Kings XI Punjab,Mumbai Indians,Mumbai Indians,field,Kings XI Punjab,runs,76,164,20,N,NA,SK Tarapore,RJ Tucker
501252,Jaipur,2011-05-11,League,S Aravind,Sawai Mansingh Stadium,Rajasthan Royals,Royal Challengers Bangalore,Royal Challengers Bangalore,field,Royal Challengers Bangalore,wickets,9,147,20,N,NA,HDPK Dharmasena,K Hariharan
501253,Chennai,2011-05-12,League,MS Dhoni,"MA Chidambaram Stadium, Chepauk",Chennai Super Kings,Delhi Daredevils,Chennai Super Kings,bat,Chennai Super Kings,runs,18,177,20,N,NA,AM Saheba,SL Shastri
501254,Indore,2011-05-13,League,KD Karthik,Holkar Cricket Stadium,Kochi Tuskers Kerala,Kings XI Punjab,Kings XI Punjab,field,Kings XI Punjab,wickets,6,179,20,N,NA,S Asnani,RJ Tucker
501255,Bangalore,2011-05-14,League,CH Gayle,M Chinnaswamy Stadium,Royal Challengers Bangalore,Kolkata Knight Riders,Royal Challengers Bangalore,field,Royal Challengers Bangalore,wickets,4,102,13,N,D/L,RE Koertzen,RB Tiffin
501256,Mumbai,2011-05-14,League,A Mishra,Wankhede Stadium,Mumbai Indians,Deccan Chargers,Deccan Chargers,bat,Deccan Chargers,runs,10,136,20,N,NA,S Ravi,SK Tarapore
501257,Dharamsala,2011-05-15,League,PP Chawla,Himachal Pradesh Cricket Association Stadium,Kings XI Punjab,Delhi Daredevils,Delhi Daredevils,field,Kings XI Punjab,runs,29,171,20,N,NA,Asad Rauf,SL Shastri
501258,Indore,2011-05-15,League,BJ Hodge,Holkar Cricket Stadium,Kochi Tuskers Kerala,Rajasthan Royals,Kochi Tuskers Kerala,field,Kochi Tuskers Kerala,wickets,8,98,20,N,NA,PR Reiffel,RJ Tucker
501259,Mumbai,2011-05-16,League,A Mishra,Dr DY Patil Sports Academy,Pune Warriors,Deccan Chargers,Deccan Chargers,field,Deccan Chargers,wickets,6,137,20,N,NA,S Ravi,SK Tarapore
501260,Dharamsala,2011-05-17,League,AC Gilchrist,Himachal Pradesh Cricket Association Stadium,Kings XI Punjab,Royal Challengers Bangalore,Kings XI Punjab,bat,Kings XI Punjab,runs,111,233,20,N,NA,Asad Rauf,AM Saheba
501261,Chennai,2011-05-18,League,WP Saha,"MA Chidambaram Stadium, Chepauk",Chennai Super Kings,Kochi Tuskers Kerala,Chennai Super Kings,bat,Chennai Super Kings,runs,11,153,20,N,NA,HDPK Dharmasena,RE Koertzen
501262,Mumbai,2011-05-19,League,YK Pathan,Dr DY Patil Sports Academy,Pune Warriors,Kolkata Knight Riders,Kolkata Knight Riders,field,Kolkata Knight Riders,wickets,7,119,20,N,NA,S Ravi,SJA Taufel
501263,Mumbai,2011-05-20,League,SR Watson,Wankhede Stadium,Mumbai Indians,Rajasthan Royals,Mumbai Indians,bat,Rajasthan Royals,wickets,10,134,20,N,NA,RE Koertzen,PR Reiffel
501264,Dharamsala,2011-05-21,League,S Dhawan,Himachal Pradesh Cricket Association Stadium,Kings XI Punjab,Deccan Chargers,Kings XI Punjab,field,Deccan Chargers,runs,82,199,20,N,NA,Asad Rauf,AM Saheba
501265,Delhi,2011-05-21,League,NA,Feroz Shah Kotla,Delhi Daredevils,Pune Warriors,Delhi Daredevils,bat,NA,no result,NA,NA,NA,N,NA,SS Hazare,RJ Tucker
501266,Bangalore,2011-05-22,League,CH Gayle,M Chinnaswamy Stadium,Royal Challengers Bangalore,Chennai Super Kings,Royal Challengers Bangalore,field,Royal Challengers Bangalore,wickets,8,129,20,N,NA,K Hariharan,RE Koertzen
501267,Kolkata,2011-05-22,League,JEC Franklin,Eden Gardens,Kolkata Knight Riders,Mumbai Indians,Mumbai Indians,field,Mumbai Indians,wickets,5,176,20,N,NA,SK Tarapore,SJA Taufel
501268,Mumbai,2011-05-24,Qualifier 1,SK Raina,Wankhede Stadium,Royal Challengers Bangalore,Chennai Super Kings,Chennai Super Kings,field,Chennai Super Kings,wickets,6,176,20,N,NA,Asad Rauf,SJA Taufel
501269,Mumbai,2011-05-25,Elimination Final,MM Patel,Wankhede Stadium,Mumbai Indians,Kolkata Knight Riders,Mumbai Indians,field,Mumbai Indians,wickets,4,148,20,N,NA,Asad Rauf,SJA Taufel
501270,Chennai,2011-05-27,Qualifier 2,CH Gayle,"MA Chidambaram Stadium, Chepauk",Royal Challengers Bangalore,Mumbai Indians,Mumbai Indians,field,Royal Challengers Bangalore,runs,43,186,20,N,NA,Asad Rauf,SJA Taufel
501271,Chennai,2011-05-28,Final,M Vijay,"MA Chidambaram Stadium, Chepauk",Chennai Super Kings,Royal Challengers Bangalore,Chennai Super Kings,bat,Chennai Super Kings,runs,58,206,20,N,NA,Asad Rauf,SJA Taufel
